st_X,st_Y,RUTA,TIPO,LONGITUD,spjoin_rif
-84.34144622,10.01587315,1,PRIMARIA,48.75,0
-84.34156004,10.01584022,1,PRIMARIA,48.75,0
-84.34177256,10.01580513,1,PRIMARIA,48.75,0
-84.34195688,10.01579811,1,PRIMARIA,48.75,0
-84.34268964,10.01575437,1,PRIMARIA,48.75,0
-84.34806368,10.01545083,1,PRIMARIA,48.75,0
-84.3491404,10.01541192,1,PRIMARIA,48.75,0
-84.34940077,10.0154119,1,PRIMARIA,48.75,0
-84.3495866,10.01541189,1,PRIMARIA,48.75,0
-84.35003935,10.01543535,1,PRIMARIA,48.75,0
-84.35097305,10.0155759,1,PRIMARIA,48.75,0
-84.35145804,10.01568139,1,PRIMARIA,48.75,0
-84.35186194,10.01578041,1,PRIMARIA,48.75,0
-84.35422494,10.01644307,1,PRIMARIA,48.75,0
-84.35462734,10.01665381,1,PRIMARIA,48.75,0
-84.35513551,10.0170289,1,PRIMARIA,48.75,0
-84.35622341,10.01829479,1,PRIMARIA,48.75,0
-84.35825774,10.02096663,1,PRIMARIA,48.75,0
-84.35864106,10.02181508,1,PRIMARIA,48.75,0
-84.35929036,10.02329797,1,PRIMARIA,48.75,0
-84.35978956,10.02460383,1,PRIMARIA,48.75,0
-84.35981331,10.02557645,1,PRIMARIA,48.75,0
-84.35980131,10.0266079,1,PRIMARIA,48.75,0
-84.35993133,10.0275573,1,PRIMARIA,48.75,0
-84.36025071,10.0284948,1,PRIMARIA,48.75,0
-84.36112618,10.03020598,1,PRIMARIA,48.75,0
-84.36126826,10.03082721,1,PRIMARIA,48.75,0
-84.36129198,10.03131946,1,PRIMARIA,48.75,0
-84.36118072,10.03189618,1,PRIMARIA,48.75,0
-84.36075024,10.03333329,1,PRIMARIA,48.75,0
-84.36049497,10.03419582,1,PRIMARIA,48.75,0
-84.36033238,10.0351617,1,PRIMARIA,48.75,0
-84.360344,10.03564477,1,PRIMARIA,48.75,0
-84.36037423,10.03576621,1,PRIMARIA,48.75,0
-84.36052993,10.03657608,1,PRIMARIA,48.75,0
-84.36076217,10.03730067,1,PRIMARIA,48.75,0
-84.36164424,10.03926715,1,PRIMARIA,48.75,0
-84.36198076,10.04018711,1,PRIMARIA,48.75,0
-84.36218029,10.04104285,1,PRIMARIA,48.75,0
-84.36233101,10.0424343,1,PRIMARIA,48.75,0
-84.36231948,10.04298619,1,PRIMARIA,48.75,0
-84.36218059,10.04432045,1,PRIMARIA,48.75,0
-84.36191394,10.04748283,1,PRIMARIA,48.75,0
-84.36149984,10.05210631,1,PRIMARIA,48.75,0
-84.36140576,10.05321469,1,PRIMARIA,48.75,0
-84.3612161,10.05578145,1,PRIMARIA,48.75,0
-84.36109981,10.05644859,1,PRIMARIA,48.75,0
-84.36058055,10.06255989,1,PRIMARIA,48.75,0
-84.36056901,10.0630775,1,PRIMARIA,48.75,0
-84.36063856,10.06354896,1,PRIMARIA,48.75,0
-84.36090557,10.06411243,1,PRIMARIA,48.75,0
-84.36117256,10.06456094,1,PRIMARIA,48.75,0
-84.36153223,10.06496329,1,PRIMARIA,48.75,0
-84.36183397,10.06522773,1,PRIMARIA,48.75,0
-84.36252457,10.06565083,1,PRIMARIA,48.75,0
-84.36279456,10.06571584,1,PRIMARIA,48.75,0
-84.36504108,10.06620949,1,PRIMARIA,48.75,0
-84.36586565,10.06645311,1,PRIMARIA,48.75,0
-84.36676228,10.06688319,1,PRIMARIA,48.75,0
-84.36728314,10.06729874,1,PRIMARIA,48.75,0
-84.36829567,10.06817301,1,PRIMARIA,48.75,0
-84.37055248,10.07027992,1,PRIMARIA,48.75,0
-84.37087087,10.07066688,1,PRIMARIA,48.75,0
-84.37111676,10.07132615,1,PRIMARIA,48.75,0
-84.37131949,10.07331859,1,PRIMARIA,48.75,0
-84.37149281,10.07373417,1,PRIMARIA,48.75,0
-84.37170995,10.07407823,1,PRIMARIA,48.75,0
-84.37212958,10.07442227,1,PRIMARIA,48.75,0
-84.37253459,10.07460843,1,PRIMARIA,48.75,0
-84.37286603,10.07466749,1,PRIMARIA,48.75,0
-84.3732423,10.07466745,1,PRIMARIA,48.75,0
-84.37465971,10.07445245,1,PRIMARIA,48.75,0
-84.37520924,10.07438059,1,PRIMARIA,48.75,0
-84.37545506,10.07439486,1,PRIMARIA,48.75,0
-84.37567216,10.07443774,1,PRIMARIA,48.75,0
-84.37600462,10.07455239,1,PRIMARIA,48.75,0
-84.37633759,10.07471022,1,PRIMARIA,48.75,0
-84.3766993,10.07499678,1,PRIMARIA,48.75,0
-84.3770318,10.07536943,1,PRIMARIA,48.75,0
-84.37739352,10.07582816,1,PRIMARIA,48.75,0
-84.37846408,10.07704621,1,PRIMARIA,48.75,0
-84.37989431,10.07832466,1,PRIMARIA,48.75,0
-84.38161775,10.07985485,1,PRIMARIA,48.75,0
-84.38284749,10.08087235,1,PRIMARIA,48.75,0
-84.38351292,10.08098694,1,PRIMARIA,48.75,0
-84.38441004,10.08102971,1,PRIMARIA,48.75,0
-84.38494498,10.08094353,1,PRIMARIA,48.75,0
-84.38681063,10.08026962,1,PRIMARIA,48.75,0
-84.38770619,10.07996344,1,PRIMARIA,48.75,0
-84.3882104,10.07990398,1,PRIMARIA,48.75,0
-84.38877405,10.07986826,1,PRIMARIA,48.75,0
-84.38927827,10.07986817,1,PRIMARIA,48.75,0
-84.38992606,10.07990368,1,PRIMARIA,48.75,0
-84.39410196,10.08036655,1,PRIMARIA,48.75,0
-84.39529023,10.08039034,1,PRIMARIA,48.75,0
-84.39557784,10.08035439,1,PRIMARIA,48.75,0
-84.39615405,10.08012839,1,PRIMARIA,48.75,0
-84.39658569,10.07990242,1,PRIMARIA,48.75,0
-84.39704199,10.07958118,1,PRIMARIA,48.75,0
-84.39737891,10.07923298,1,PRIMARIA,48.75,0
-84.39772588,10.07883188,1,PRIMARIA,48.75,0
-84.39805672,10.07833282,1,PRIMARIA,48.75,0
-84.39861872,10.07763967,1,PRIMARIA,48.75,0
-84.39920942,10.07691062,1,PRIMARIA,48.75,0
-84.39972106,10.07631707,1,PRIMARIA,48.75,0
-84.40023976,10.07572486,1,PRIMARIA,48.75,0
-84.4005243,10.07546086,1,PRIMARIA,48.75,0
-84.40083604,10.07519605,1,PRIMARIA,48.75,0
-84.40099821,10.07507269,1,PRIMARIA,48.75,0
-84.40280623,10.07377691,1,PRIMARIA,48.75,0
-84.40333555,10.07343729,1,PRIMARIA,48.75,0
-84.40385333,10.0732928,1,PRIMARIA,48.75,0
-84.40436306,10.07322818,1,PRIMARIA,48.75,0
-84.40480432,10.07328125,1,PRIMARIA,48.75,0
-84.40523402,10.07342931,1,PRIMARIA,48.75,0
-84.40569446,10.07368019,1,PRIMARIA,48.75,0
-84.40612469,10.07397128,1,PRIMARIA,48.75,0
-84.40762197,10.07505987,1,PRIMARIA,48.75,0
-84.40879631,10.07588298,1,PRIMARIA,48.75,0
-84.40913383,10.07603537,1,PRIMARIA,48.75,0
-84.40918623,10.07606694,1,PRIMARIA,48.75,0
-84.40947639,10.07615889,1,PRIMARIA,48.75,0
-84.41036799,10.0763206,1,PRIMARIA,48.75,0
-84.41046119,10.07636484,1,PRIMARIA,48.75,0
-84.41088483,10.0764349,1,PRIMARIA,48.75,0
-84.41254967,10.07672973,1,PRIMARIA,48.75,0
-84.41309371,10.07686426,1,PRIMARIA,48.75,0
-84.41441507,10.07734052,1,PRIMARIA,48.75,0
-84.41516819,10.07759563,1,PRIMARIA,48.75,0
-84.41568757,10.07780734,1,PRIMARIA,48.75,0
-84.41602007,10.07798915,1,PRIMARIA,48.75,0
-84.41802622,10.07934176,1,PRIMARIA,48.75,0
-84.41872148,10.07982357,1,PRIMARIA,48.75,0
-84.42066771,10.0811554,1,PRIMARIA,48.75,0
-84.42109291,10.08137091,1,PRIMARIA,48.75,0
-84.42163195,10.08159098,1,PRIMARIA,48.75,0
-84.4221211,10.08173307,1,PRIMARIA,48.75,0
-84.42244249,10.08180152,1,PRIMARIA,48.75,0
-84.42520253,10.08232564,1,PRIMARIA,48.75,0
-84.42688958,10.08265224,1,PRIMARIA,48.75,0
-84.42716311,10.08266997,1,PRIMARIA,48.75,0
-84.42736107,10.08266262,1,PRIMARIA,48.75,0
-84.42764516,10.08263042,1,PRIMARIA,48.75,0
-84.42785016,10.08258043,1,PRIMARIA,48.75,0
-84.42800126,10.08253046,1,PRIMARIA,48.75,0
-84.42845907,10.08230768,1,PRIMARIA,48.75,0
-84.42862526,10.08217944,1,PRIMARIA,48.75,0
-84.42937663,10.08160034,1,PRIMARIA,48.75,0
-84.42993059,10.08117809,1,PRIMARIA,48.75,0
-84.43110097,10.0803414,1,PRIMARIA,48.75,0
-84.43147364,10.08007276,1,PRIMARIA,48.75,0
-84.43196511,10.07958873,1,PRIMARIA,48.75,0
-84.43406724,10.07685264,1,PRIMARIA,48.75,0
-84.43523334,10.07531751,1,PRIMARIA,48.75,0
-84.4357358,10.07457817,1,PRIMARIA,48.75,0
-84.4358259,10.07440191,1,PRIMARIA,48.75,0
-84.43603315,10.07354635,1,PRIMARIA,48.75,0
-84.43618204,10.07291264,1,PRIMARIA,48.75,0
-84.43650097,10.07166114,1,PRIMARIA,48.75,0
-84.43674608,10.07105385,1,PRIMARIA,48.75,0
-84.43710802,10.07041467,1,PRIMARIA,48.75,0
-84.43736328,10.07006402,1,PRIMARIA,48.75,0
-84.43767998,10.06967368,1,PRIMARIA,48.75,0
-84.43907213,10.06796277,1,PRIMARIA,48.75,0
-84.4412512,10.06525954,1,PRIMARIA,48.75,0
-84.44198828,10.06430988,1,PRIMARIA,48.75,0
-84.44253049,10.06357699,1,PRIMARIA,48.75,0
-84.44292017,10.06306545,1,PRIMARIA,48.75,0
-84.44323229,10.06258362,1,PRIMARIA,48.75,0
-84.44345433,10.06233985,1,PRIMARIA,48.75,0
-84.44385616,10.06201262,1,PRIMARIA,48.75,0
-84.44403593,10.06188167,1,PRIMARIA,48.75,0
-84.44425802,10.0617982,1,PRIMARIA,48.75,0
-84.44461813,10.0617209,1,PRIMARIA,48.75,0
-84.44488206,10.06170299,1,PRIMARIA,48.75,0
-84.44515204,10.06172665,1,PRIMARIA,48.75,0
-84.4473005,10.06237412,1,PRIMARIA,48.75,0
-84.44754028,10.06242153,1,PRIMARIA,48.75,0
-84.44805656,10.06243322,1,PRIMARIA,48.75,0
-84.44826659,10.06241614,1,PRIMARIA,48.75,0
-84.44860001,10.06234612,1,PRIMARIA,48.75,0
-84.44905829,10.0621476,1,PRIMARIA,48.75,0
-84.45050606,10.06125973,1,PRIMARIA,48.75,0
-84.45109474,10.0609165,1,PRIMARIA,48.75,0
-84.45143169,10.06087455,1,PRIMARIA,48.75,0
-84.45187394,10.06090569,1,PRIMARIA,48.75,0
-84.45231672,10.06102049,1,PRIMARIA,48.75,0
-84.4527243,10.06126106,1,PRIMARIA,48.75,0
-84.45297673,10.0614855,1,PRIMARIA,48.75,0
-84.45322969,10.06178793,1,PRIMARIA,48.75,0
-84.45335624,10.06210633,1,PRIMARIA,48.75,0
-84.45342488,10.06246119,1,PRIMARIA,48.75,0
-84.45345115,10.06267519,1,PRIMARIA,48.75,0
-84.45343563,10.06289973,1,PRIMARIA,48.75,0
-84.45340397,10.06308757,1,PRIMARIA,48.75,0
-84.45335416,10.06323359,1,PRIMARIA,48.75,0
-84.45307792,10.06399042,1,PRIMARIA,48.75,0
-84.4528968,10.0645305,1,PRIMARIA,48.75,0
-84.45279168,10.06493778,1,PRIMARIA,48.75,0
-84.45279836,10.06527214,1,PRIMARIA,48.75,0
-84.45279843,10.06544756,1,PRIMARIA,48.75,0
-84.4529074,10.06590657,1,PRIMARIA,48.75,0
-84.45311207,10.06633856,1,PRIMARIA,48.75,0
-84.45703875,10.07241053,1,PRIMARIA,48.75,0
-84.45761537,10.07335432,1,PRIMARIA,48.75,0
-84.45773183,10.07363063,1,PRIMARIA,48.75,0
-84.4577969,10.0738608,1,PRIMARIA,48.75,0
-84.45779949,10.07404243,1,PRIMARIA,48.75,0
-84.4578077,10.0744224,1,PRIMARIA,48.75,0
-84.45774693,10.07485098,1,PRIMARIA,48.75,0
-84.45755121,10.07541671,1,PRIMARIA,48.75,0
-84.45731873,10.07600297,1,PRIMARIA,48.75,0
-84.45716429,10.07651228,1,PRIMARIA,48.75,0
-84.45710704,10.0769449,1,PRIMARIA,48.75,0
-84.45714147,10.07738829,1,PRIMARIA,48.75,0
-84.45729579,10.07785052,1,PRIMARIA,48.75,0
-84.45748078,10.07817511,1,PRIMARIA,48.75,0
-84.45766221,10.07840065,1,PRIMARIA,48.75,0
-84.45806331,10.07876725,1,PRIMARIA,48.75,0
-84.45839483,10.07895792,1,PRIMARIA,48.75,0
-84.45916966,10.07924422,1,PRIMARIA,48.75,0
-84.46041799,10.07954409,1,PRIMARIA,48.75,0
-84.46129148,10.07965708,1,PRIMARIA,48.75,0
-84.4617136,10.0796866,1,PRIMARIA,48.75,0
-84.46230395,10.07966504,1,PRIMARIA,48.75,0
-84.46312397,10.07959022,1,PRIMARIA,48.75,0
-84.46385329,10.07944662,1,PRIMARIA,48.75,0
-84.46448081,10.07920186,1,PRIMARIA,48.75,0
-84.46501663,10.07888805,1,PRIMARIA,48.75,0
-84.46603524,10.07792445,1,PRIMARIA,48.75,0
-84.46677742,10.07723839,1,PRIMARIA,48.75,0
-84.46713042,10.07700184,1,PRIMARIA,48.75,0
-84.46752425,10.07684272,1,PRIMARIA,48.75,0
-84.46788639,10.07676997,1,PRIMARIA,48.75,0
-84.46947301,10.07661439,1,PRIMARIA,48.75,0
-84.47022,10.07657277,1,PRIMARIA,48.75,0
-84.47058014,10.07654536,1,PRIMARIA,48.75,0
-84.47200964,10.07646243,1,PRIMARIA,48.75,0
-84.47308906,10.07639341,1,PRIMARIA,48.75,0
-84.47844939,10.07604827,1,PRIMARIA,48.75,0
-84.4788206,10.07600195,1,PRIMARIA,48.75,0
-84.47944764,10.07582922,1,PRIMARIA,48.75,0
-84.47985357,10.07570246,1,PRIMARIA,48.75,0
-84.48070063,10.07532263,1,PRIMARIA,48.75,0
-84.48121167,10.07484607,1,PRIMARIA,48.75,0
-84.48187272,10.07419078,1,PRIMARIA,48.75,0
-84.48276637,10.07328737,1,PRIMARIA,48.75,0
-84.48328049,10.0729344,1,PRIMARIA,48.75,0
-84.48378105,10.07267914,1,PRIMARIA,48.75,0
-84.48444029,10.07245537,1,PRIMARIA,48.75,0
-84.49066749,10.07025964,1,PRIMARIA,48.75,0
-84.49086945,10.0702115,1,PRIMARIA,48.75,0
-84.49158166,10.07017418,1,PRIMARIA,48.75,0
-84.49262175,10.07007434,1,PRIMARIA,48.75,0
-84.49436397,10.06893434,1,PRIMARIA,48.75,0
-84.49505693,10.06868975,1,PRIMARIA,48.75,0
-84.49762018,10.06855296,1,PRIMARIA,48.75,0
-84.49869681,10.06802804,1,PRIMARIA,48.75,0
-84.49944412,10.06675277,1,PRIMARIA,48.75,0
-84.499471,10.06615607,1,PRIMARIA,48.75,0
-84.4993334,10.06502592,1,PRIMARIA,48.75,0
-84.49895754,10.06103012,1,PRIMARIA,48.75,0
-84.49934967,10.0605687,1,PRIMARIA,48.75,0
-84.49923975,10.06036096,1,PRIMARIA,48.75,0
-84.50045277,10.05969131,1,PRIMARIA,48.75,0
-84.50127362,10.05940157,1,PRIMARIA,48.75,0
-84.50176607,10.05912092,1,PRIMARIA,48.75,0
-84.50180265,10.05876844,1,PRIMARIA,48.75,0
-84.50123626,10.05735812,1,PRIMARIA,48.75,0
-84.50137243,10.05675246,1,PRIMARIA,48.75,0
-84.50358859,10.05485273,1,PRIMARIA,48.75,0
-84.50415331,10.05411109,1,PRIMARIA,48.75,0
-84.50461804,10.05290829,1,PRIMARIA,48.75,0
-84.50529199,10.05114485,1,PRIMARIA,48.75,0
-84.50579394,10.05075596,1,PRIMARIA,48.75,0
-84.50660569,10.05046622,1,PRIMARIA,48.75,0
-84.50710707,10.04997775,1,PRIMARIA,48.75,0
-84.50703308,10.0482417,1,PRIMARIA,48.75,0
-84.50675836,10.04693999,1,PRIMARIA,48.75,0
-84.50663945,10.04595475,1,PRIMARIA,48.75,0
-84.50635594,10.04421882,1,PRIMARIA,48.75,0
-84.50610776,10.04171481,1,PRIMARIA,48.75,0
-84.50549636,10.04086532,1,PRIMARIA,48.75,0
-84.50549564,10.03956319,1,PRIMARIA,48.75,0
-84.50524906,10.03903005,1,PRIMARIA,48.75,0
-84.50513944,10.03843343,1,PRIMARIA,48.75,0
-84.50489302,10.03818042,1,PRIMARIA,48.75,0
-84.50546683,10.03663401,1,PRIMARIA,48.75,0
-84.50592255,10.03648912,1,PRIMARIA,48.75,0
-84.50646114,10.03684155,1,PRIMARIA,48.75,0
-84.50722766,10.03769095,1,PRIMARIA,48.75,0
-84.50783911,10.03772678,1,PRIMARIA,48.75,0
-84.50915216,10.03688514,1,PRIMARIA,48.75,0
-84.51072041,10.03581746,1,PRIMARIA,48.75,0
-84.51146814,10.03550049,1,PRIMARIA,48.75,0
-84.51314679,10.03549954,1,PRIMARIA,48.75,0
-84.5133199,10.03525548,1,PRIMARIA,48.75,0
-84.51317336,10.03440574,1,PRIMARIA,48.75,0
-84.51281744,10.03380925,1,PRIMARIA,48.75,0
-84.51196854,10.03334852,1,PRIMARIA,48.75,0
-84.51118428,10.03317732,1,PRIMARIA,48.75,0
-84.50965199,10.03370253,1,PRIMARIA,48.75,0
-84.5087217,10.03359456,1,PRIMARIA,48.75,0
-84.50819206,10.03303433,1,PRIMARIA,48.75,0
-84.50815527,10.03207603,1,PRIMARIA,48.75,0
-84.50864753,10.03155113,1,PRIMARIA,48.75,0
-84.51066289,10.03119756,1,PRIMARIA,48.75,0
-84.5135272,10.03140375,1,PRIMARIA,48.75,0
-84.51474087,10.03210851,1,PRIMARIA,48.75,0
-84.51649261,10.03225216,1,PRIMARIA,48.75,0
-84.51816245,10.03356196,1,PRIMARIA,48.75,0
-84.51912952,10.03369714,1,PRIMARIA,48.75,0
-84.52169275,10.03401192,1,PRIMARIA,48.75,0
-84.52361793,10.03443582,1,PRIMARIA,48.75,0
-84.52425747,10.03595428,1,PRIMARIA,48.75,0
-84.52485942,10.03609857,1,PRIMARIA,48.75,0
-84.52796007,10.03482181,1,PRIMARIA,48.75,0
-84.52910012,10.03450482,1,PRIMARIA,48.75,0
-84.53070592,10.03478396,1,PRIMARIA,48.75,0
-84.53173637,10.03478332,1,PRIMARIA,48.75,0
-84.5337336,10.03365211,1,PRIMARIA,48.75,0
-84.5344813,10.03333508,1,PRIMARIA,48.75,0
-84.53554875,10.03368712,1,PRIMARIA,48.75,0
-84.53622363,10.03368669,1,PRIMARIA,48.75,0
-84.53761013,10.03364964,1,PRIMARIA,48.75,0
-84.53846795,10.03382991,1,PRIMARIA,48.75,0
-84.53917956,10.03453462,1,PRIMARIA,48.75,0
-84.53989244,10.03640572,1,PRIMARIA,48.75,0
-84.54049526,10.03709242,1,PRIMARIA,48.75,0
-84.54141664,10.03740811,1,PRIMARIA,48.75,0
-84.5421287,10.03801351,1,PRIMARIA,48.75,0
-84.54273972,10.03814858,1,PRIMARIA,48.75,0
-84.54558474,10.03652854,1,PRIMARIA,48.75,0
-84.54765428,10.0351527,1,PRIMARIA,48.75,0
-84.54847515,10.03504366,1,PRIMARIA,48.75,0
-84.55217966,10.03606286,1,PRIMARIA,48.75,0
-84.55367587,10.03659537,1,PRIMARIA,48.75,0
-84.55449756,10.03765242,1,PRIMARIA,48.75,0
-84.55491699,10.03750748,1,PRIMARIA,48.75,0
-84.55517242,10.03761579,1,PRIMARIA,48.75,0
-84.55623973,10.03772353,1,PRIMARIA,48.75,0
-84.55687837,10.03775034,1,PRIMARIA,48.75,0
-84.55801742,10.03605879,1,PRIMARIA,48.75,0
-84.55805383,10.03556139,1,PRIMARIA,48.75,0
-84.55758742,10.03411521,1,PRIMARIA,48.75,0
-84.5576601,10.03362696,1,PRIMARIA,48.75,0
-84.55816159,10.03344579,1,PRIMARIA,48.75,0
-84.55908291,10.03366212,1,PRIMARIA,48.75,0
-84.55979443,10.0334808,1,PRIMARIA,48.75,0
-84.56047809,10.03309169,1,PRIMARIA,48.75,0
-84.56086919,10.03140067,1,PRIMARIA,48.75,0
-84.56182615,10.03008895,1,PRIMARIA,48.75,0
-84.56257374,10.02966363,1,PRIMARIA,48.75,0
-84.56402405,10.02944561,1,PRIMARIA,48.75,0
-84.56582072,10.02903733,1,PRIMARIA,48.75,0
-84.56659586,10.02910018,1,PRIMARIA,48.75,0
-84.56706143,10.02937997,1,PRIMARIA,48.75,0
-84.5677013,10.03107024,1,PRIMARIA,48.75,0
-84.56820378,10.0322001,1,PRIMARIA,48.75,0
-84.56866994,10.03326655,1,PRIMARIA,48.75,0
-84.56923545,10.03382666,1,PRIMARIA,48.75,0
-84.56998407,10.03410623,1,PRIMARIA,48.75,0
-84.57111473,10.0340784,1,PRIMARIA,48.75,0
-84.57194466,10.03332726,1,PRIMARIA,48.75,0
-84.57254555,10.03206111,1,PRIMARIA,48.75,0
-84.57297287,10.0303973,1,PRIMARIA,48.75,0
-84.57362006,10.02976397,1,PRIMARIA,48.75,0
-84.57465064,10.02930198,1,PRIMARIA,48.75,0
-84.57625559,10.02912912,1,PRIMARIA,48.75,0
-84.57699469,10.02883007,1,PRIMARIA,48.75,0
-84.57745903,10.0281607,1,PRIMARIA,48.75,0
-84.57716615,10.0265336,1,PRIMARIA,48.75,0
-84.57742108,10.02599987,1,PRIMARIA,48.75,0
-84.57794986,10.0259633,1,PRIMARIA,48.75,0
-84.57852495,10.02653256,1,PRIMARIA,48.75,0
-84.57923707,10.02716486,1,PRIMARIA,48.75,0
-84.58047758,10.02723622,1,PRIMARIA,48.75,0
-84.58141697,10.0267562,1,PRIMARIA,48.75,0
-84.58211773,10.02511942,1,PRIMARIA,48.75,0
-84.58308388,10.02409693,1,PRIMARIA,48.75,0
-84.58499868,10.02285671,1,PRIMARIA,48.75,0
-84.58546306,10.02228691,1,PRIMARIA,48.75,0
-84.58574539,10.02140961,1,PRIMARIA,48.75,0
-84.5856426,10.01822736,1,PRIMARIA,48.75,0
-84.58574159,10.01670845,1,PRIMARIA,48.75,0
-84.58674408,10.01583057,1,PRIMARIA,48.75,0
-84.58720893,10.01522461,1,PRIMARIA,48.75,0
-84.587491,10.01466359,1,PRIMARIA,48.75,0
-84.58837575,10.01455439,1,PRIMARIA,48.75,0
-84.58937918,10.01483398,1,PRIMARIA,48.75,0
-84.59009142,10.01561091,1,PRIMARIA,48.75,0
-84.5907667,10.0161439,1,PRIMARIA,48.75,0
-84.59190729,10.01664008,1,PRIMARIA,48.75,0
-84.59233636,10.01723641,1,PRIMARIA,48.75,0
-84.59280196,10.01755259,1,PRIMARIA,48.75,0
-84.59465391,10.01773189,1,PRIMARIA,48.75,0
-84.5955935,10.01814699,1,PRIMARIA,48.75,0
-84.59690634,10.01744073,1,PRIMARIA,48.75,0
-84.59755432,10.01782881,1,PRIMARIA,48.75,0
-84.59823038,10.01866916,1,PRIMARIA,48.75,0
-84.59894191,10.01916594,1,PRIMARIA,48.75,0
-84.59954403,10.01892121,1,PRIMARIA,48.75,0
-84.60011763,10.01771818,1,PRIMARIA,48.75,0
-84.60061004,10.01757312,1,PRIMARIA,48.75,0
-84.600902,10.01799792,1,PRIMARIA,48.75,0
-84.60125836,10.01835007,1,PRIMARIA,48.75,0
-84.60257198,10.01856594,1,PRIMARIA,48.75,0
-84.60339303,10.01873715,1,PRIMARIA,48.75,0
-84.60421453,10.01944162,1,PRIMARIA,48.75,0
-84.60457028,10.0196583,1,PRIMARIA,48.75,0
-84.60496274,10.01982987,1,PRIMARIA,48.75,0
-84.60624002,10.01993727,1,PRIMARIA,48.75,0
-84.60784462,10.01943851,1,PRIMARIA,48.75,0
-84.60898481,10.01943753,1,PRIMARIA,48.75,0
-84.61016165,10.01930103,1,PRIMARIA,48.75,0
-84.61051666,10.01869486,1,PRIMARIA,48.75,0
-84.61040562,10.01671491,1,PRIMARIA,48.75,0
-84.61079728,10.01597323,1,PRIMARIA,48.75,0
-84.61137153,10.01555686,1,PRIMARIA,48.75,0
-84.61219239,10.01551998,1,PRIMARIA,48.75,0
-84.61236569,10.01558324,1,PRIMARIA,48.75,0
-84.61455543,10.016178,1,PRIMARIA,48.75,0
-84.61573145,10.01571575,1,PRIMARIA,48.75,0
-84.61729918,10.01458413,1,PRIMARIA,48.75,0
-84.61800908,10.01271221,1,PRIMARIA,48.75,0
-84.61843521,10.01003551,1,PRIMARIA,48.75,0
-84.61849643,10.00703395,1,PRIMARIA,48.75,0
-84.61842183,10.00530711,1,PRIMARIA,48.75,0
-84.61845669,10.00377934,1,PRIMARIA,48.75,0
-84.61899432,10.00300136,1,PRIMARIA,48.75,0
-84.62048948,10.00243949,1,PRIMARIA,48.75,0
-84.62142011,10.00243865,1,PRIMARIA,48.75,0
-84.62619159,10.00398929,1,PRIMARIA,48.75,0
-84.62729616,10.00472961,1,PRIMARIA,48.75,0
-84.62946739,10.00550509,1,PRIMARIA,48.75,0
-84.63284157,10.00453444,1,PRIMARIA,48.75,0
-84.63861312,10.00282931,1,PRIMARIA,48.75,0
-84.63992638,10.00271956,1,PRIMARIA,48.75,0
-84.64169534,10.00204884,1,PRIMARIA,48.75,0
-84.64642762,10.00057045,1,PRIMARIA,48.75,0
-84.64698391,10.00039826,1,PRIMARIA,48.75,0
-84.64844291,9.999999029,1,PRIMARIA,48.75,0
-84.65837772,9.997127319,1,PRIMARIA,48.75,0
-84.65989703,9.996640535,1,PRIMARIA,48.75,0
-84.66209311,9.996122009,1,PRIMARIA,48.75,0
-84.66360074,9.995558036,1,PRIMARIA,48.75,0
-84.66473952,9.995252977,1,PRIMARIA,48.75,0
-84.66823916,9.995500831,1,PRIMARIA,48.75,0
-84.67113649,9.995711236,1,PRIMARIA,48.75,0
-84.67277711,9.996131028,1,PRIMARIA,48.75,0
-84.67326304,9.997037006,1,PRIMARIA,48.75,0
-84.67368831,9.998184583,1,PRIMARIA,48.75,0
-84.67490331,9.998968065,1,PRIMARIA,48.75,0
-84.67575903,9.999545749,1,PRIMARIA,48.75,0
-84.6755139,10.00056775,1,PRIMARIA,48.75,0
-84.67555147,10.00130904,1,PRIMARIA,48.75,0
-84.67597177,10.00204992,1,PRIMARIA,48.75,0
-84.67665596,10.00232958,1,PRIMARIA,48.75,0
-84.67850735,10.00204718,1,PRIMARIA,48.75,0
-84.68006611,10.00126799,1,PRIMARIA,48.75,0
-84.6813513,10.0003895,1,PRIMARIA,48.75,0
-84.68305699,10.0004238,1,PRIMARIA,48.75,0
-84.6835945,10.0001339,1,PRIMARIA,48.75,0
-84.68398608,9.999500624,1,PRIMARIA,48.75,0
-84.68462394,9.998887852,1,PRIMARIA,48.75,0
-84.68535337,9.998644432,1,PRIMARIA,48.75,0
-84.68602135,9.998401078,1,PRIMARIA,48.75,0
-84.68687227,9.998278421,1,PRIMARIA,48.75,0
-84.68820855,9.998517658,1,PRIMARIA,48.75,0
-84.68990968,9.998090709,1,PRIMARIA,48.75,0
-84.69148958,9.997785329,1,PRIMARIA,48.75,0
-84.69470951,9.997355291,1,PRIMARIA,48.75,0
-84.6971396,9.996745581,1,PRIMARIA,48.75,0
-84.69884099,9.9961375,1,PRIMARIA,48.75,0
-84.70011671,9.995832427,1,PRIMARIA,48.75,0
-84.70139271,9.995769422,1,PRIMARIA,48.75,0
-84.70266828,9.995343436,1,PRIMARIA,48.75,0
-84.70509849,9.993584824,1,PRIMARIA,48.75,0
-84.70655641,9.993219061,1,PRIMARIA,48.75,0
-84.70734609,9.993277775,1,PRIMARIA,48.75,0
-84.71099173,9.995144214,1,PRIMARIA,48.75,0
-84.71481926,9.996647416,1,PRIMARIA,48.75,0
-84.71579141,9.997249951,1,PRIMARIA,48.75,0
-84.71652036,9.996643753,1,PRIMARIA,48.75,0
-84.71724952,9.997851356,1,PRIMARIA,48.75,0
-84.7184044,9.998392941,1,PRIMARIA,48.75,0
-84.71870793,9.998694559,1,PRIMARIA,48.75,0
-84.71964458,9.999901097,1,PRIMARIA,48.75,0
-84.72004179,10.00061604,1,PRIMARIA,48.75,0
-84.72045576,10.00348157,1,PRIMARIA,48.75,0
-84.7208672,10.00429473,1,PRIMARIA,48.75,0
-84.72125261,10.00482861,1,PRIMARIA,48.75,0
-84.72133786,10.00494644,1,PRIMARIA,48.75,0
-84.72318825,10.00751065,1,PRIMARIA,48.75,0
-84.72422028,10.00883823,1,PRIMARIA,48.75,0
-84.72752818,10.01342709,1,PRIMARIA,48.75,0
-84.74257813,10.03425649,1,PRIMARIA,48.75,0
-84.74803548,10.04136514,1,PRIMARIA,48.75,0
-84.74959574,10.04321172,1,PRIMARIA,48.75,0
-84.75121759,10.04477485,1,PRIMARIA,48.75,0
-84.75420859,10.04796566,1,PRIMARIA,48.75,0
-84.75583887,10.05088109,1,PRIMARIA,48.75,0
-84.75710264,10.05612572,1,PRIMARIA,48.75,0
-84.75768418,10.05819811,1,PRIMARIA,48.75,0
-84.76040244,10.06327725,1,PRIMARIA,48.75,0
-84.76164192,10.06430784,1,PRIMARIA,48.75,0
-84.76322769,10.06514798,1,PRIMARIA,48.75,0
-84.76592579,10.06683075,1,PRIMARIA,48.75,0
-84.77404994,10.07150135,1,PRIMARIA,48.75,0
-84.77497449,10.0727539,1,PRIMARIA,48.75,0
-84.77659917,10.07469446,1,PRIMARIA,48.75,0
-84.77962041,10.07750743,1,PRIMARIA,48.75,0
-84.78495885,10.08175364,1,PRIMARIA,48.75,0
-84.78953558,10.08550077,1,PRIMARIA,48.75,0
-84.79284099,10.08821768,1,PRIMARIA,48.75,0
-84.7957333,10.09052819,1,PRIMARIA,48.75,0
-84.79687707,10.09140199,1,PRIMARIA,48.75,0
-84.79751514,10.09231027,1,PRIMARIA,48.75,0
-84.79888609,10.09418928,1,PRIMARIA,48.75,0
-84.79906365,10.09435364,1,PRIMARIA,48.75,0
-84.80283032,10.09784566,1,PRIMARIA,48.75,0
-84.80572567,10.100722,1,PRIMARIA,48.75,0
-84.80715273,10.10134275,1,PRIMARIA,48.75,0
-84.80828911,10.10095864,1,PRIMARIA,48.75,0
-84.81090463,10.09933954,1,PRIMARIA,48.75,0
-84.81238445,10.09823002,1,PRIMARIA,48.75,0
-84.81528185,10.09616895,1,PRIMARIA,48.75,0
-84.81739503,10.09518151,1,PRIMARIA,48.75,0
-84.8206445,10.09377888,1,PRIMARIA,48.75,0
-84.82105349,10.09343039,1,PRIMARIA,48.75,0
-84.82171597,10.09314358,1,PRIMARIA,48.75,0
-84.83070664,10.08931662,1,PRIMARIA,48.75,0
-84.83632132,10.08686166,1,PRIMARIA,48.75,0
-84.84391532,10.08735126,1,PRIMARIA,48.75,0
-84.84686001,10.08789949,1,PRIMARIA,48.75,0
-84.84831538,10.08795381,1,PRIMARIA,48.75,0
-84.85078481,10.08834787,1,PRIMARIA,48.75,0
-84.85173607,10.08878244,1,PRIMARIA,48.75,0
-84.85416124,10.09222718,1,PRIMARIA,48.75,0
-84.85687397,10.09620498,1,PRIMARIA,48.75,0
-84.85811181,10.09688923,1,PRIMARIA,48.75,0
-84.86048872,10.09762988,1,PRIMARIA,48.75,0
-84.86444899,10.09870657,1,PRIMARIA,48.75,0
-84.86913945,10.10021944,1,PRIMARIA,48.75,0
-84.86964716,10.10046795,1,PRIMARIA,48.75,0
-84.8720273,10.1018867,1,PRIMARIA,48.75,0
-84.8745048,10.10336329,1,PRIMARIA,48.75,0
-84.87705576,10.1047836,1,PRIMARIA,48.75,0
-84.88414277,10.10829596,1,PRIMARIA,48.75,0
-84.89096863,10.1118966,1,PRIMARIA,48.75,0
-84.89144589,10.11228708,1,PRIMARIA,48.75,0
-84.89224251,10.1129385,1,PRIMARIA,48.75,0
-84.89246565,10.11320124,1,PRIMARIA,48.75,0
-84.89426402,10.11567848,1,PRIMARIA,48.75,0
-84.8949806,10.11691809,1,PRIMARIA,48.75,0
-84.89817552,10.12135726,1,PRIMARIA,48.75,0
-84.8985034,10.12242321,1,PRIMARIA,48.75,0
-84.8986435,10.12356723,1,PRIMARIA,48.75,0
-84.89936219,10.1251153,1,PRIMARIA,48.75,0
-84.90127041,10.12919886,1,PRIMARIA,48.75,0
-84.90549916,10.13766127,1,PRIMARIA,48.75,0
-84.90742821,10.14148056,1,PRIMARIA,48.75,0
-84.90930945,10.14557168,1,PRIMARIA,48.75,0
-84.9096102,10.14609955,1,PRIMARIA,48.75,0
-84.91050487,10.1476713,1,PRIMARIA,48.75,0
-84.91364362,10.15413501,1,PRIMARIA,48.75,0
-84.91624458,10.15934611,1,PRIMARIA,48.75,0
-84.91694867,10.16108415,1,PRIMARIA,48.75,0
-84.91818786,10.16362922,1,PRIMARIA,48.75,0
-84.91902983,10.16525906,1,PRIMARIA,48.75,0
-84.91991676,10.16694441,1,PRIMARIA,48.75,0
-84.92107667,10.1693714,1,PRIMARIA,48.75,0
-84.92134952,10.16977571,1,PRIMARIA,48.75,0
-84.92175853,10.17024723,1,PRIMARIA,48.75,0
-84.92209953,10.17071915,1,PRIMARIA,48.75,0
-84.9226451,10.1714603,1,PRIMARIA,48.75,0
-84.92319004,10.1718641,1,PRIMARIA,48.75,0
-84.92380338,10.17247045,1,PRIMARIA,48.75,0
-84.92543871,10.17368184,1,PRIMARIA,48.75,0
-84.9280963,10.17563375,1,PRIMARIA,48.75,0
-84.93095838,10.17778765,1,PRIMARIA,48.75,0
-84.93143518,10.17812437,1,PRIMARIA,48.75,0
-84.93477425,10.18068215,1,PRIMARIA,48.75,0
-84.93763656,10.18290346,1,PRIMARIA,48.75,0
-84.94042985,10.184855,1,PRIMARIA,48.75,0
-84.94104297,10.18505624,1,PRIMARIA,48.75,0
-84.94131557,10.18505572,1,PRIMARIA,48.75,0
-84.94186014,10.18498721,1,PRIMARIA,48.75,0
-84.94260878,10.18491831,1,PRIMARIA,48.75,0
-84.94294914,10.18478272,1,PRIMARIA,48.75,0
-84.94362962,10.18464648,1,PRIMARIA,48.75,0
-84.94403854,10.18478063,1,PRIMARIA,48.75,0
-84.94444721,10.18504972,1,PRIMARIA,48.75,0
-84.94492418,10.18545389,1,PRIMARIA,48.75,0
-84.94526496,10.18579057,1,PRIMARIA,48.75,0
-84.94546996,10.18626246,1,PRIMARIA,48.75,0
-84.94567483,10.18666688,1,PRIMARIA,48.75,0
-84.94574327,10.18713929,1,PRIMARIA,48.75,0
-84.94567567,10.1876117,1,PRIMARIA,48.75,0
-84.94567633,10.18794905,1,PRIMARIA,48.75,0
-84.9455407,10.18842159,1,PRIMARIA,48.75,0
-84.94554086,10.18875893,1,PRIMARIA,48.75,0
-84.94554192,10.18929894,1,PRIMARIA,48.75,0
-84.945678,10.18956856,1,PRIMARIA,48.75,0
-84.94581458,10.18983817,1,PRIMARIA,48.75,0
-84.94601905,10.19004018,1,PRIMARIA,48.75,0
-84.94629192,10.19017459,1,PRIMARIA,48.75,0
-84.94676876,10.19051102,1,PRIMARIA,48.75,0
-84.9476544,10.19091439,1,PRIMARIA,48.75,0
-84.94813097,10.19111588,1,PRIMARIA,48.75,0
-84.94840348,10.19131776,1,PRIMARIA,48.75,0
-84.94867648,10.19151963,1,PRIMARIA,48.75,0
-84.94894888,10.19192392,1,PRIMARIA,48.75,0
-84.94922202,10.19219326,1,PRIMARIA,48.75,0
-84.94976729,10.19273223,1,PRIMARIA,48.75,0
-84.95119864,10.19414629,1,PRIMARIA,48.75,0
-84.95331172,10.19603157,1,PRIMARIA,48.75,0
-84.953857,10.19657053,1,PRIMARIA,48.75,0
-84.9552201,10.19784977,1,PRIMARIA,48.75,0
-84.95678805,10.19926381,1,PRIMARIA,48.75,0
-84.95733322,10.19973503,1,PRIMARIA,48.75,0
-84.95746981,10.2000049,1,PRIMARIA,48.75,0
-84.95767457,10.20034184,1,PRIMARIA,48.75,0
-84.95808385,10.20115066,1,PRIMARIA,48.75,0
-84.95863027,10.20249923,1,PRIMARIA,48.75,0
-84.9594499,10.20438701,1,PRIMARIA,48.75,0
-84.96115666,10.20789256,1,PRIMARIA,48.75,0
-84.96177086,10.20910578,1,PRIMARIA,48.75,0
-84.96204451,10.21011754,1,PRIMARIA,48.75,0
-84.96231803,10.21106183,1,PRIMARIA,48.75,0
-84.96293265,10.21247745,1,PRIMARIA,48.75,0
-84.96327362,10.21288186,1,PRIMARIA,48.75,0
-84.96361432,10.21315106,1,PRIMARIA,48.75,0
-84.96463678,10.21389119,1,PRIMARIA,48.75,0
-84.96538649,10.21456439,1,PRIMARIA,48.75,0
-84.9667498,10.21564144,1,PRIMARIA,48.75,0
-84.96927116,10.21745834,1,PRIMARIA,48.75,0
-84.97145276,10.21920843,1,PRIMARIA,48.75,0
-84.97424673,10.22122714,1,PRIMARIA,48.75,0
-84.97513318,10.22196778,1,PRIMARIA,48.75,0
-84.9755422,10.22237177,1,PRIMARIA,48.75,0
-84.97574686,10.22264123,1,PRIMARIA,48.75,0
-84.97598828,10.22290333,1,PRIMARIA,48.75,0
-84.97615608,10.22338256,1,PRIMARIA,48.75,0
-84.97642904,10.22378709,1,PRIMARIA,48.75,0
-84.97724813,10.22533721,1,PRIMARIA,48.75,0
-84.97861317,10.22769639,1,PRIMARIA,48.75,0
-84.98038789,10.23099902,1,PRIMARIA,48.75,0
-84.98148042,10.23315633,1,PRIMARIA,48.75,0
-84.98216287,10.23416697,1,PRIMARIA,48.75,0
-84.98250388,10.23457109,1,PRIMARIA,48.75,0
-84.98270827,10.23470561,1,PRIMARIA,48.75,0
-84.98318508,10.23497478,1,PRIMARIA,48.75,0
-84.98400299,10.23544539,1,PRIMARIA,48.75,0
-84.98584293,10.23638619,1,PRIMARIA,48.75,0
-84.98870477,10.23772995,1,PRIMARIA,48.75,0
-84.98993148,10.23846985,1,PRIMARIA,48.75,0
-84.99074919,10.23907538,1,PRIMARIA,48.75,0
-84.99129476,10.23968147,1,PRIMARIA,48.75,0
-84.99415815,10.24196974,1,PRIMARIA,48.75,0
-84.99472616,10.24246108,1,PRIMARIA,48.75,0
-84.99572614,10.24345106,1,PRIMARIA,48.75,0
-84.9970894,10.24439305,1,PRIMARIA,48.75,0
-84.99775967,10.24485638,1,PRIMARIA,48.75,0
-84.99860932,10.24506268,1,PRIMARIA,48.75,0
-84.99941845,10.2451711,1,PRIMARIA,48.75,0
-85.00270507,10.24570854,1,PRIMARIA,48.75,0
-85.0070865,10.24607389,1,PRIMARIA,48.75,0
-85.0085243,10.24627487,1,PRIMARIA,48.75,0
-85.00896932,10.24627419,1,PRIMARIA,48.75,0
-85.01016774,10.24671343,1,PRIMARIA,48.75,0
-85.0114687,10.24725419,1,PRIMARIA,48.75,0
-85.01249636,10.24796555,1,PRIMARIA,48.75,0
-85.01297614,10.24888156,1,PRIMARIA,48.75,0
-85.0132164,10.25020559,1,PRIMARIA,48.75,0
-85.01311572,10.25234537,1,PRIMARIA,48.75,0
-85.01315065,10.25380586,1,PRIMARIA,48.75,0
-85.01328837,10.25479033,1,PRIMARIA,48.75,0
-85.01363148,10.25543514,1,PRIMARIA,48.75,0
-85.01465952,10.25699525,1,PRIMARIA,48.75,0
-85.01654382,10.25945408,1,PRIMARIA,48.75,0
-85.01938816,10.26345615,1,PRIMARIA,48.75,0
-85.02072474,10.26549109,1,PRIMARIA,48.75,0
-85.02188951,10.26708515,1,PRIMARIA,48.75,0
-85.02422002,10.27023925,1,PRIMARIA,48.75,0
-85.02613913,10.27332596,1,PRIMARIA,48.75,0
-85.02764733,10.27542877,1,PRIMARIA,48.75,0
-85.02843553,10.27651384,1,PRIMARIA,48.75,0
-85.02922351,10.27749716,1,PRIMARIA,48.75,0
-85.03073111,10.27909044,1,PRIMARIA,48.75,0
-85.03230683,10.28047981,1,PRIMARIA,48.75,0
-85.0339854,10.2821067,1,PRIMARIA,48.75,0
-85.03460252,10.28285262,1,PRIMARIA,48.75,0
-85.03521923,10.28387031,1,PRIMARIA,48.75,0
-85.03563145,10.28539797,1,PRIMARIA,48.75,0
-85.03563368,10.2881828,1,PRIMARIA,48.75,0
-85.03563559,10.29015261,1,PRIMARIA,48.75,0
-85.03574008,10.2924617,1,PRIMARIA,48.75,0
-85.03594759,10.29507633,1,PRIMARIA,48.75,0
-85.03656565,10.29735054,1,PRIMARIA,48.75,0
-85.03704617,10.2989798,1,PRIMARIA,48.75,0
-85.03738896,10.29965831,1,PRIMARIA,48.75,0
-85.03745822,10.3006432,1,PRIMARIA,48.75,0
-85.03739054,10.30125462,1,PRIMARIA,48.75,0
-85.03708292,10.30186656,1,PRIMARIA,48.75,0
-85.03660448,10.30295413,1,PRIMARIA,48.75,0
-85.03643426,10.30414331,1,PRIMARIA,48.75,0
-85.03694945,10.30594223,1,PRIMARIA,48.75,0
-85.03876536,10.30804432,1,PRIMARIA,48.75,0
-85.04119807,10.31048479,1,PRIMARIA,48.75,0
-85.04297984,10.31217915,1,PRIMARIA,48.75,0
-85.04322002,10.31272214,1,PRIMARIA,48.75,0
-85.04390576,10.31390941,1,PRIMARIA,48.75,0
-85.04407762,10.31455429,1,PRIMARIA,48.75,0
-85.04435199,10.3150632,1,PRIMARIA,48.75,0
-85.04558679,10.31760806,1,PRIMARIA,48.75,0
-85.04623855,10.3191349,1,PRIMARIA,48.75,0
-85.04699342,10.32100128,1,PRIMARIA,48.75,0
-85.04771325,10.32208672,1,PRIMARIA,48.75,0
-85.04815892,10.322765,1,PRIMARIA,48.75,0
-85.04935773,10.32344185,1,PRIMARIA,48.75,0
-85.05045402,10.32425467,1,PRIMARIA,48.75,0
-85.05100286,10.32551024,1,PRIMARIA,48.75,0
-85.05127852,10.32744543,1,PRIMARIA,48.75,0
-85.05182737,10.328701,1,PRIMARIA,48.75,0
-85.05278696,10.32968387,1,PRIMARIA,48.75,0
-85.05436254,10.33042786,1,PRIMARIA,48.75,0
-85.05542418,10.33062948,1,PRIMARIA,48.75,0
-85.05723926,10.33116916,1,PRIMARIA,48.75,0
-85.05827862,10.33154003,1,PRIMARIA,48.75,0
-85.05992872,10.33201746,1,PRIMARIA,48.75,0
-85.06147451,10.33251238,1,PRIMARIA,48.75,0
-85.06396006,10.33324885,1,PRIMARIA,48.75,0
-85.065459,10.33354011,1,PRIMARIA,48.75,0
-85.06679765,10.33361961,1,PRIMARIA,48.75,0
-85.0684036,10.33375219,1,PRIMARIA,48.75,0
-85.07008952,10.33422814,1,PRIMARIA,48.75,0
-85.07099984,10.33459846,1,PRIMARIA,48.75,0
-85.07190972,10.33520653,1,PRIMARIA,48.75,0
-85.07252556,10.33618448,1,PRIMARIA,48.75,0
-85.07303409,10.33740043,1,PRIMARIA,48.75,0
-85.07356902,10.33869567,1,PRIMARIA,48.75,0
-85.07407742,10.34007003,1,PRIMARIA,48.75,0
-85.07479989,10.34221089,1,PRIMARIA,48.75,0
-85.07535309,10.34397296,1,PRIMARIA,48.75,0
-85.07623321,10.34625512,1,PRIMARIA,48.75,0
-85.07894832,10.35312734,1,PRIMARIA,48.75,0
-85.08133052,10.35777924,1,PRIMARIA,48.75,0
-85.08398051,10.36243131,1,PRIMARIA,48.75,0
-85.08456948,10.36393798,1,PRIMARIA,48.75,0
-85.08475648,10.36454583,1,PRIMARIA,48.75,0
-85.08510459,10.36652805,1,PRIMARIA,48.75,0
-85.08526503,10.36824623,1,PRIMARIA,48.75,0
-85.08562688,10.37048749,1,PRIMARIA,48.75,0
-85.08571633,10.37203717,1,PRIMARIA,48.75,0
-85.08596891,10.37433158,1,PRIMARIA,48.75,0
-85.08584056,10.37526079,1,PRIMARIA,48.75,0
-85.08485664,10.37851294,1,PRIMARIA,48.75,0
-85.08391505,10.38155421,1,PRIMARIA,48.75,0
-85.08233179,10.38594663,1,PRIMARIA,48.75,0
-85.08057687,10.39152203,1,PRIMARIA,48.75,0
-85.08023461,10.39325381,1,PRIMARIA,48.75,0
-85.08027728,10.39528127,1,PRIMARIA,48.75,0
-85.08070498,10.39806914,1,PRIMARIA,48.75,0
-85.08100461,10.39958999,1,PRIMARIA,48.75,0
-85.08117555,10.40022352,1,PRIMARIA,48.75,0
-85.0822879,10.40149094,1,PRIMARIA,48.75,0
-85.0833575,10.40237819,1,PRIMARIA,48.75,0
-85.08528322,10.40385688,1,PRIMARIA,48.75,0
-85.08566817,10.40436387,1,PRIMARIA,48.75,0
-85.08622416,10.40512415,1,PRIMARIA,48.75,0
-85.08630989,10.40554657,1,PRIMARIA,48.75,0
-85.08592498,10.40651821,1,PRIMARIA,48.75,0
-85.08562507,10.40740519,1,PRIMARIA,48.75,0
-85.08541128,10.4078275,1,PRIMARIA,48.75,0
-85.0852198,10.40851262,1,PRIMARIA,48.75,0
-85.08505506,10.41024965,1,PRIMARIA,48.75,0
-85.08510989,10.41166096,1,PRIMARIA,48.75,0
-85.08565962,10.41274645,1,PRIMARIA,48.75,0
-85.0866495,10.41442947,1,PRIMARIA,48.75,0
-85.08678691,10.41515942,1,PRIMARIA,48.75,0
-85.08684662,10.41566098,1,PRIMARIA,48.75,0
-85.08704899,10.41656403,1,PRIMARIA,48.75,0
-85.08705648,10.41716017,1,PRIMARIA,48.75,0
-85.08715026,10.41799305,1,PRIMARIA,48.75,0
-85.0871502,10.4185946,1,PRIMARIA,48.75,0
-85.08729072,10.41914966,1,PRIMARIA,48.75,0
-85.08747825,10.41975131,1,PRIMARIA,48.75,0
-85.0880874,10.42058431,1,PRIMARIA,48.75,0
-85.08850965,10.4208683,1,PRIMARIA,48.75,0
-85.08897324,10.42114463,1,PRIMARIA,48.75,0
-85.08922817,10.42125872,1,PRIMARIA,48.75,0
-85.08968708,10.42147677,1,PRIMARIA,48.75,0
-85.09023506,10.42182631,1,PRIMARIA,48.75,0
-85.09050274,10.42199704,1,PRIMARIA,48.75,0
-85.09068956,10.4220978,1,PRIMARIA,48.75,0
-85.09153415,10.42290082,1,PRIMARIA,48.75,0
-85.0930576,10.42437151,1,PRIMARIA,48.75,0
-85.09354241,10.424868,1,PRIMARIA,48.75,0
-85.09360223,10.42500091,1,PRIMARIA,48.75,0
-85.09378425,10.42540501,1,PRIMARIA,48.75,0
-85.09384357,10.42553657,1,PRIMARIA,48.75,0
-85.09411163,10.42627431,1,PRIMARIA,48.75,0
-85.09441151,10.42703571,1,PRIMARIA,48.75,0
-85.09471155,10.42785865,1,PRIMARIA,48.75,0
-85.09490902,10.4281885,1,PRIMARIA,48.75,0
-85.09521256,10.42899956,1,PRIMARIA,48.75,0
-85.09547551,10.42950386,1,PRIMARIA,48.75,0
-85.09588096,10.43033275,1,PRIMARIA,48.75,0
-85.09611568,10.4306331,1,PRIMARIA,48.75,0
-85.09636134,10.43086757,1,PRIMARIA,48.75,0
-85.09663189,10.4311789,1,PRIMARIA,48.75,0
-85.09696964,10.43133461,1,PRIMARIA,48.75,0
-85.09714989,10.43142378,1,PRIMARIA,48.75,0
-85.09746545,10.43157928,1,PRIMARIA,48.75,0
-85.09769058,10.43166834,1,PRIMARIA,48.75,0
-85.09816381,10.43175734,1,PRIMARIA,48.75,0
-85.09847921,10.43184645,1,PRIMARIA,48.75,0
-85.09897469,10.43195753,1,PRIMARIA,48.75,0
-85.10052905,10.43222474,1,PRIMARIA,48.75,0
-85.10120502,10.43231379,1,PRIMARIA,48.75,0
-85.10184196,10.43232629,1,PRIMARIA,48.75,0
-85.10261139,10.43248474,1,PRIMARIA,48.75,0
-85.10318849,10.43276968,1,PRIMARIA,48.75,0
-85.10379783,10.43324453,1,PRIMARIA,48.75,0
-85.10450319,10.43400414,1,PRIMARIA,48.75,0
-85.10530493,10.43539691,1,PRIMARIA,48.75,0
-85.1062987,10.43735945,1,PRIMARIA,48.75,0
-85.10726082,10.43875209,1,PRIMARIA,48.75,0
-85.10796624,10.43973352,1,PRIMARIA,48.75,0
-85.1095791,10.44139984,1,PRIMARIA,48.75,0
-85.11037128,10.44218189,1,PRIMARIA,48.75,0
-85.11208659,10.4436666,1,PRIMARIA,48.75,0
-85.11328218,10.44462928,1,PRIMARIA,48.75,0
-85.11422566,10.44540555,1,PRIMARIA,48.75,0
-85.1150125,10.44565407,1,PRIMARIA,48.75,0
-85.11639632,10.44565418,1,PRIMARIA,48.75,0
-85.11726131,10.4456928,1,PRIMARIA,48.75,0
-85.11770806,10.44586739,1,PRIMARIA,48.75,0
-85.11977353,10.44659554,1,PRIMARIA,48.75,0
-85.122429,10.44790623,1,PRIMARIA,48.75,0
-85.1245439,10.44882854,1,PRIMARIA,48.75,0
-85.1253641,10.44910042,1,PRIMARIA,48.75,0
-85.1258231,10.44932679,1,PRIMARIA,48.75,0
-85.12635815,10.44951545,1,PRIMARIA,48.75,0
-85.12708472,10.4498553,1,PRIMARIA,48.75,0
-85.12754351,10.450195,1,PRIMARIA,48.75,0
-85.12800226,10.45072308,1,PRIMARIA,48.75,0
-85.12907298,10.45193079,1,PRIMARIA,48.75,0
-85.13071722,10.45396881,1,PRIMARIA,48.75,0
-85.13127484,10.45469715,1,PRIMARIA,48.75,0
-85.13240688,10.45620534,1,PRIMARIA,48.75,0
-85.13308611,10.45715494,1,PRIMARIA,48.75,0
-85.13438741,10.45799286,1,PRIMARIA,48.75,0
-85.13551955,10.45855135,1,PRIMARIA,48.75,0
-85.13676437,10.45899836,1,PRIMARIA,48.75,0
-85.13800964,10.45922164,1,PRIMARIA,48.75,0
-85.13919354,10.45950931,1,PRIMARIA,48.75,0
-85.14102412,10.46004064,1,PRIMARIA,48.75,0
-85.14371625,10.46081994,1,PRIMARIA,48.75,0
-85.14906464,10.46234323,1,PRIMARIA,48.75,0
-85.15319286,10.46358322,1,PRIMARIA,48.75,0
-85.15436545,10.46396909,1,PRIMARIA,48.75,0
-85.15674214,10.46463926,1,PRIMARIA,48.75,0
-85.1648924,10.4671522,1,PRIMARIA,48.75,0
-85.17440954,10.47040295,1,PRIMARIA,48.75,0
-85.17641098,10.4710324,1,PRIMARIA,48.75,0
-85.17716475,10.47131863,1,PRIMARIA,48.75,0
-85.17878949,10.47177634,1,PRIMARIA,48.75,0
-85.18241508,10.47300677,1,PRIMARIA,48.75,0
-85.18728798,10.47460921,1,PRIMARIA,48.75,0
-85.18992761,10.47546761,1,PRIMARIA,48.75,0
-85.19082716,10.47575368,1,PRIMARIA,48.75,0
-85.19340873,10.47658333,1,PRIMARIA,48.75,0
-85.19430273,10.47686698,1,PRIMARIA,48.75,0
-85.19508772,10.47712502,1,PRIMARIA,48.75,0
-85.19624676,10.47749539,1,PRIMARIA,48.75,0
-85.19884961,10.47835111,1,PRIMARIA,48.75,0
-85.20117861,10.47902648,1,PRIMARIA,48.75,0
-85.20177224,10.47920649,1,PRIMARIA,48.75,0
-85.20241139,10.47925143,1,PRIMARIA,48.75,0
-85.20332429,10.47925137,1,PRIMARIA,48.75,0
-85.20391767,10.47916123,1,PRIMARIA,48.75,0
-85.20569832,10.47907054,1,PRIMARIA,48.75,0
-85.20994442,10.47884434,1,PRIMARIA,48.75,0
-85.21072076,10.47888943,1,PRIMARIA,48.75,0
-85.21163379,10.47911442,1,PRIMARIA,48.75,0
-85.21218216,10.47951988,1,PRIMARIA,48.75,0
-85.21268439,10.47983505,1,PRIMARIA,48.75,0
-85.21387168,10.48073612,1,PRIMARIA,48.75,0
-85.21578995,10.48240294,1,PRIMARIA,48.75,0
-85.21770786,10.48375428,1,PRIMARIA,48.75,0
-85.21985454,10.48573647,1,PRIMARIA,48.75,0
-85.22085957,10.48726817,1,PRIMARIA,48.75,0
-85.22172779,10.48857463,1,PRIMARIA,48.75,0
-85.22296133,10.49028677,1,PRIMARIA,48.75,0
-85.22428608,10.49231414,1,PRIMARIA,48.75,0
-85.22529128,10.49389089,1,PRIMARIA,48.75,0
-85.22593078,10.49492703,1,PRIMARIA,48.75,0
-85.22802725,10.49852881,1,PRIMARIA,48.75,0
-85.22832689,10.49924286,1,PRIMARIA,48.75,0
-85.2302164,10.5022415,1,PRIMARIA,48.75,0
-85.23217464,10.50527394,1,PRIMARIA,48.75,0
-85.23358349,10.5075655,1,PRIMARIA,48.75,0
-85.23439008,10.50845137,1,PRIMARIA,48.75,0
-85.23521458,10.50995061,1,PRIMARIA,48.75,0
-85.23648607,10.51199507,1,PRIMARIA,48.75,0
-85.23847814,10.51482308,1,PRIMARIA,48.75,0
-85.24033188,10.51673067,1,PRIMARIA,48.75,0
-85.24211486,10.51771791,1,PRIMARIA,48.75,0
-85.24478907,10.51884077,1,PRIMARIA,48.75,0
-85.2468452,10.51921405,1,PRIMARIA,48.75,0
-85.24814783,10.51945158,1,PRIMARIA,48.75,0
-85.24983389,10.51971229,1,PRIMARIA,48.75,0
-85.25190633,10.52014217,1,PRIMARIA,48.75,0
-85.25461705,10.5206239,1,PRIMARIA,48.75,0
-85.25487306,10.52071437,1,PRIMARIA,48.75,0
-85.25563489,10.52093238,1,PRIMARIA,48.75,0
-85.25639419,10.52114959,1,PRIMARIA,48.75,0
-85.25829442,10.52201415,1,PRIMARIA,48.75,0
-85.25949887,10.52264782,1,PRIMARIA,48.75,0
-85.26056855,10.52358927,1,PRIMARIA,48.75,0
-85.26195329,10.52531026,1,PRIMARIA,48.75,0
-85.26303066,10.52713631,1,PRIMARIA,48.75,0
-85.26372902,10.52872841,1,PRIMARIA,48.75,0
-85.26486975,10.52997539,1,PRIMARIA,48.75,0
-85.26597508,10.53101846,1,PRIMARIA,48.75,0
-85.2675572,10.5317503,1,PRIMARIA,48.75,0
-85.26968471,10.53216992,1,PRIMARIA,48.75,0
-85.2730758,10.53206575,1,PRIMARIA,48.75,0
-85.27683832,10.5313446,1,PRIMARIA,48.75,0
-85.28121062,10.52976637,1,PRIMARIA,48.75,0
-85.28323023,10.52954041,1,PRIMARIA,48.75,0
-85.28460495,10.53007012,1,PRIMARIA,48.75,0
-85.28595158,10.5313148,1,PRIMARIA,48.75,0
-85.28706035,10.53280037,1,PRIMARIA,48.75,0
-85.28782346,10.53391535,1,PRIMARIA,48.75,0
-85.28900168,10.53550218,1,PRIMARIA,48.75,0
-85.28979523,10.53617421,1,PRIMARIA,48.75,0
-85.29072343,10.53650444,1,PRIMARIA,48.75,0
-85.29253972,10.53658696,1,PRIMARIA,48.75,0
-85.29394398,10.53653793,1,PRIMARIA,48.75,0
-85.29483645,10.53673252,1,PRIMARIA,48.75,0
-85.29730962,10.53748852,1,PRIMARIA,48.75,0
-85.30016339,10.53864896,1,PRIMARIA,48.75,0
-85.30208722,10.53924061,1,PRIMARIA,48.75,0
-85.30243077,10.53940716,1,PRIMARIA,48.75,0
-85.30287702,10.53950431,1,PRIMARIA,48.75,0
-85.30500595,10.54002596,1,PRIMARIA,48.75,0
-85.30774886,10.54023457,1,PRIMARIA,48.75,0
-85.31073159,10.54050853,1,PRIMARIA,48.75,0
-85.31556442,10.54069419,1,PRIMARIA,48.75,0
-85.31813521,10.54087058,1,PRIMARIA,48.75,0
-85.31991548,10.54071529,1,PRIMARIA,48.75,0
-85.32227527,10.54021303,1,PRIMARIA,48.75,0
-85.32459994,10.5396094,1,PRIMARIA,48.75,0
-85.32726606,10.53883169,1,PRIMARIA,48.75,0
-85.32993404,10.53832625,1,PRIMARIA,48.75,0
-85.33192187,10.53840666,1,PRIMARIA,48.75,0
-85.33350241,10.53889989,1,PRIMARIA,48.75,0
-85.33810406,10.54014275,1,PRIMARIA,48.75,0
-85.34212133,10.54115395,1,PRIMARIA,48.75,0
-85.34648354,10.54243362,1,PRIMARIA,48.75,0
-85.34857933,10.54312538,1,PRIMARIA,48.75,0
-85.35012823,10.5439592,1,PRIMARIA,48.75,0
-85.35133452,10.54476254,1,PRIMARIA,48.75,0
-85.3529554,10.54600417,1,PRIMARIA,48.75,0
-85.35547437,10.54805252,1,PRIMARIA,48.75,0
-85.35599323,10.54859114,1,PRIMARIA,48.75,0
-85.3584062,10.55030032,1,PRIMARIA,48.75,0
-85.35967884,10.55086484,1,PRIMARIA,48.75,0
-85.3611893,10.55118868,1,PRIMARIA,48.75,0
-85.36352143,10.55146937,1,PRIMARIA,48.75,0
-85.36667646,10.55177491,1,PRIMARIA,48.75,0
-85.36773981,10.55189938,1,PRIMARIA,48.75,0
-85.3681519,10.55203109,1,PRIMARIA,48.75,0
-85.36897744,10.55239624,1,PRIMARIA,48.75,0
-85.36970091,10.55286482,1,PRIMARIA,48.75,0
-85.3707366,10.55377227,1,PRIMARIA,48.75,0
-85.37380749,10.55622268,1,PRIMARIA,48.75,0
-85.37722109,10.55870352,1,PRIMARIA,48.75,0
-85.38177255,10.5619883,1,PRIMARIA,48.75,0
-85.38284007,10.56258903,1,PRIMARIA,48.75,0
-85.38531936,10.56399094,1,PRIMARIA,48.75,0
-85.38683405,10.56479096,1,PRIMARIA,48.75,0
-85.38858996,10.56575858,1,PRIMARIA,48.75,0
-85.39055535,10.56719993,1,PRIMARIA,48.75,0
-85.39200559,10.56847728,1,PRIMARIA,48.75,0
-85.39363078,10.57016073,1,PRIMARIA,48.75,0
-85.39476929,10.57099894,1,PRIMARIA,48.75,0
-85.39573565,10.57180507,1,PRIMARIA,48.75,0
-85.39804513,10.57337881,1,PRIMARIA,48.75,0
-85.40104623,10.57565971,1,PRIMARIA,48.75,0
-85.40556315,10.57887653,1,PRIMARIA,48.75,0
-85.40787433,10.58062048,1,PRIMARIA,48.75,0
-85.41142729,10.58326942,1,PRIMARIA,48.75,0
-85.41612002,10.58692673,1,PRIMARIA,48.75,0
-85.41722457,10.58783325,1,PRIMARIA,48.75,0
-85.41908891,10.58944587,1,PRIMARIA,48.75,0
-85.42006031,10.59079623,1,PRIMARIA,48.75,0
-85.42217961,10.5940396,1,PRIMARIA,48.75,0
-85.42429846,10.59728295,1,PRIMARIA,48.75,0
-85.42530582,10.59880319,1,PRIMARIA,48.75,0
-85.42662739,10.60100054,1,PRIMARIA,48.75,0
-85.42794799,10.6030616,1,PRIMARIA,48.75,0
-85.42905942,10.60475068,1,PRIMARIA,48.75,0
-85.42954603,10.60552812,1,PRIMARIA,48.75,0
-85.43086754,10.60769145,1,PRIMARIA,48.75,0
-85.43225631,10.60975172,1,PRIMARIA,48.75,0
-85.43364635,10.61188025,1,PRIMARIA,48.75,0
-85.43389034,10.61238784,1,PRIMARIA,48.75,0
-85.43458457,10.61336696,1,PRIMARIA,48.75,0
-85.43555784,10.61492156,1,PRIMARIA,48.75,0
-85.43715403,10.61711576,1,PRIMARIA,48.75,0
-85.43823039,10.61870318,1,PRIMARIA,48.75,0
-85.43948004,10.62049268,1,PRIMARIA,48.75,0
-85.44045151,10.62180897,1,PRIMARIA,48.75,0
-85.44203607,10.62454292,1,PRIMARIA,48.75,0
-85.44244235,10.62527582,1,PRIMARIA,48.75,0
-85.44289079,10.62594327,1,PRIMARIA,48.75,0
-85.44353919,10.62664834,1,PRIMARIA,48.75,0
-85.44397108,10.62734256,1,PRIMARIA,48.75,0
-85.44442177,10.62807531,1,PRIMARIA,48.75,0
-85.44486954,10.62883316,1,PRIMARIA,48.75,0
-85.44527639,10.62958118,1,PRIMARIA,48.75,0
-85.44577606,10.63031861,1,PRIMARIA,48.75,0
-85.44631652,10.63103269,1,PRIMARIA,48.75,0
-85.44710584,10.63205436,1,PRIMARIA,48.75,0
-85.44769659,10.63300061,1,PRIMARIA,48.75,0
-85.4483919,10.63411599,1,PRIMARIA,48.75,0
-85.44916019,10.63532097,1,PRIMARIA,48.75,0
-85.44963007,10.63590737,1,PRIMARIA,48.75,0
-85.44985003,10.63617539,1,PRIMARIA,48.75,0
-85.45019481,10.63677275,1,PRIMARIA,48.75,0
-85.45098215,10.63807886,1,PRIMARIA,48.75,0
-85.45135381,10.63857304,1,PRIMARIA,48.75,0
-85.45158753,10.63887825,1,PRIMARIA,48.75,0
-85.45263023,10.64046602,1,PRIMARIA,48.75,0
-85.45360305,10.64198655,1,PRIMARIA,48.75,0
-85.45436852,10.64323714,1,PRIMARIA,48.75,0
-85.45509719,10.64421582,1,PRIMARIA,48.75,0
-85.45627094,10.64518943,1,PRIMARIA,48.75,0
-85.45844464,10.64679855,1,PRIMARIA,48.75,0
-85.45922296,10.64712586,1,PRIMARIA,48.75,0
-85.4614114,10.6486159,1,PRIMARIA,48.75,0
-85.46263063,10.64959715,1,PRIMARIA,48.75,0
-85.46323573,10.65016443,1,PRIMARIA,48.75,0
-85.46422715,10.65136345,1,PRIMARIA,48.75,0
-85.46471409,10.65204881,1,PRIMARIA,48.75,0
-85.46723873,10.65618962,1,PRIMARIA,48.75,0
-85.46967484,10.66038956,1,PRIMARIA,48.75,0
-85.47235029,10.66433333,1,PRIMARIA,48.75,0
-85.47300094,10.66519998,1,PRIMARIA,48.75,0
-85.47332793,10.66560497,1,PRIMARIA,48.75,0
-85.47428488,10.66618392,1,PRIMARIA,48.75,0
-85.47551598,10.66693326,1,PRIMARIA,48.75,0
-85.47674799,10.66737791,1,PRIMARIA,48.75,0
-85.47845919,10.66789207,1,PRIMARIA,48.75,0
-85.48006807,10.66843979,1,PRIMARIA,48.75,0
-85.48157413,10.66888532,1,PRIMARIA,48.75,0
-85.48253186,10.66939678,1,PRIMARIA,48.75,0
-85.48359243,10.66987468,1,PRIMARIA,48.75,0
-85.48441225,10.67048702,1,PRIMARIA,48.75,0
-85.48547143,10.67126932,1,PRIMARIA,48.75,0
-85.48632431,10.67222023,1,PRIMARIA,48.75,0
-85.48700598,10.67313666,1,PRIMARIA,48.75,0
-85.4879584,10.67493432,1,PRIMARIA,48.75,0
-85.4887747,10.67635897,1,PRIMARIA,48.75,0
-85.48928467,10.67737615,1,PRIMARIA,48.75,0
-85.49207163,10.68297147,1,PRIMARIA,48.75,0
-85.49387085,10.68717542,1,PRIMARIA,48.75,0
-85.49543077,10.69120912,1,PRIMARIA,48.75,0
-85.49637698,10.69442817,1,PRIMARIA,48.75,0
-85.49698719,10.69605514,1,PRIMARIA,48.75,0
-85.49749482,10.69751246,1,PRIMARIA,48.75,0
-85.4976976,10.69829164,1,PRIMARIA,48.75,0
-85.49800183,10.69920673,1,PRIMARIA,48.75,0
-85.4984542,10.70113571,1,PRIMARIA,48.75,0
-85.49906081,10.70300908,1,PRIMARIA,48.75,0
-85.49957304,10.70460968,1,PRIMARIA,48.75,0
-85.50012007,10.70566556,1,PRIMARIA,48.75,0
-85.50100908,10.70706184,1,PRIMARIA,48.75,0
-85.50183008,10.70835609,1,PRIMARIA,48.75,0
-85.50244602,10.70920769,1,PRIMARIA,48.75,0
-85.5028911,10.70971854,1,PRIMARIA,48.75,0
-85.50398644,10.71094485,1,PRIMARIA,48.75,0
-85.50497919,10.71213671,1,PRIMARIA,48.75,0
-85.50545835,10.71271571,1,PRIMARIA,48.75,0
-85.50597158,10.71322684,1,PRIMARIA,48.75,0
-85.5065537,10.71380572,1,PRIMARIA,48.75,0
-85.50754609,10.71489557,1,PRIMARIA,48.75,0
-85.50857247,10.71656443,1,PRIMARIA,48.75,0
-85.50939316,10.71802894,1,PRIMARIA,48.75,0
-85.50994075,10.71894852,1,PRIMARIA,48.75,0
-85.510145,10.72010658,1,PRIMARIA,48.75,0
-85.5103136,10.72211592,1,PRIMARIA,48.75,0
-85.51027759,10.72327379,1,PRIMARIA,48.75,0
-85.51044752,10.72443197,1,PRIMARIA,48.75,0
-85.51075271,10.72705422,1,PRIMARIA,48.75,0
-85.51095588,10.72899543,1,PRIMARIA,48.75,0
-85.51108994,10.73134548,1,PRIMARIA,48.75,0
-85.51146175,10.73543232,1,PRIMARIA,48.75,0
-85.51159737,10.73672663,1,PRIMARIA,48.75,0
-85.51159593,10.73768008,1,PRIMARIA,48.75,0
-85.51183247,10.74016629,1,PRIMARIA,48.75,0
-85.51220526,10.74357198,1,PRIMARIA,48.75,0
-85.51230562,10.74568358,1,PRIMARIA,48.75,0
-85.51250832,10.74776107,1,PRIMARIA,48.75,0
-85.51267708,10.74980441,1,PRIMARIA,48.75,0
-85.51281308,10.75079216,1,PRIMARIA,48.75,0
-85.51315488,10.75147339,1,PRIMARIA,48.75,0
-85.51360003,10.75198422,1,PRIMARIA,48.75,0
-85.51401073,10.7524609,1,PRIMARIA,48.75,0
-85.5143876,10.75280169,1,PRIMARIA,48.75,0
-85.51483249,10.75324424,1,PRIMARIA,48.75,0
-85.51616818,10.75430014,1,PRIMARIA,48.75,0
-85.51743571,10.75521973,1,PRIMARIA,48.75,0
-85.51842864,10.75613925,1,PRIMARIA,48.75,0
-85.51979857,10.75743356,1,PRIMARIA,48.75,0
-85.52034637,10.75811482,1,PRIMARIA,48.75,0
-85.52113265,10.75964743,1,PRIMARIA,48.75,0
-85.5222272,10.76179283,1,PRIMARIA,48.75,0
-85.52308182,10.7637683,1,PRIMARIA,48.75,0
-85.52482614,10.76724224,1,PRIMARIA,48.75,0
-85.52578365,10.76918332,1,PRIMARIA,48.75,0
-85.52684367,10.77126082,1,PRIMARIA,48.75,0
-85.52776726,10.77316801,1,PRIMARIA,48.75,0
-85.52920378,10.77613114,1,PRIMARIA,48.75,0
-85.5300587,10.77776575,1,PRIMARIA,48.75,0
-85.53057128,10.77899171,1,PRIMARIA,48.75,0
-85.53128989,10.78049027,1,PRIMARIA,48.75,0
-85.53289714,10.78358957,1,PRIMARIA,48.75,0
-85.53395754,10.78587133,1,PRIMARIA,48.75,0
-85.53597521,10.78999212,1,PRIMARIA,48.75,0
-85.53696708,10.79203557,1,PRIMARIA,48.75,0
-85.53813016,10.7943512,1,PRIMARIA,48.75,0
-85.53854075,10.79516869,1,PRIMARIA,48.75,0
-85.53949844,10.79710998,1,PRIMARIA,48.75,0
-85.54055854,10.79928944,1,PRIMARIA,48.75,0
-85.54233734,10.80283142,1,PRIMARIA,48.75,0
-85.54343219,10.80497673,1,PRIMARIA,48.75,0
-85.54370585,10.80576019,1,PRIMARIA,48.75,0
-85.54394457,10.80664551,1,PRIMARIA,48.75,0
-85.54455885,10.80919987,1,PRIMARIA,48.75,0
-85.54459207,10.81008544,1,PRIMARIA,48.75,0
-85.54441887,10.81137955,1,PRIMARIA,48.75,0
-85.54428048,10.81253752,1,PRIMARIA,48.75,0
-85.54414209,10.81369522,1,PRIMARIA,48.75,0
-85.54396923,10.81481932,1,PRIMARIA,48.75,0
-85.54390002,10.81533016,1,PRIMARIA,48.75,0
-85.5438648,10.81601116,1,PRIMARIA,48.75,0
-85.54379535,10.81659028,1,PRIMARIA,48.75,0
-85.54372592,10.81730541,1,PRIMARIA,48.75,0
-85.5437595,10.81802069,1,PRIMARIA,48.75,0
-85.54420399,10.81897405,1,PRIMARIA,48.75,0
-85.54468341,10.81968926,1,PRIMARIA,48.75,0
-85.54564252,10.82054054,1,PRIMARIA,48.75,0
-85.54649888,10.82132393,1,PRIMARIA,48.75,0
-85.54759497,10.82220923,1,PRIMARIA,48.75,0
-85.5484858,10.82302677,1,PRIMARIA,48.75,0
-85.54999313,10.82435468,1,PRIMARIA,48.75,0
-85.55225392,10.82622781,1,PRIMARIA,48.75,0
-85.55406963,10.82803273,1,PRIMARIA,48.75,0
-85.55537067,10.82966716,1,PRIMARIA,48.75,0
-85.55632946,10.83106353,1,PRIMARIA,48.75,0
-85.55682863,10.83203825,1,PRIMARIA,48.75,0
-85.55906155,10.83578698,1,PRIMARIA,48.75,0
-85.56018703,10.83757508,1,PRIMARIA,48.75,0
-85.56162862,10.83936385,1,PRIMARIA,48.75,0
-85.56275457,10.84075011,1,PRIMARIA,48.75,0
-85.56545746,10.84379102,1,PRIMARIA,48.75,0
-85.56644859,10.84504312,1,PRIMARIA,48.75,0
-85.56784483,10.84696562,1,PRIMARIA,48.75,0
-85.56955772,10.84812938,1,PRIMARIA,48.75,0
-85.57091045,10.84862257,1,PRIMARIA,48.75,0
-85.57203732,10.84920488,1,PRIMARIA,48.75,0
-85.57284834,10.85023341,1,PRIMARIA,48.75,0
-85.57289256,10.85081398,1,PRIMARIA,48.75,0
-85.57257566,10.85188548,1,PRIMARIA,48.75,0
-85.57176092,10.85411743,1,PRIMARIA,48.75,0
-85.5713526,10.85594814,1,PRIMARIA,48.75,0
-85.57044748,10.85831402,1,PRIMARIA,48.75,0
-85.57031099,10.8592963,1,PRIMARIA,48.75,0
-85.57049,10.86050243,1,PRIMARIA,48.75,0
-85.57098362,10.86260246,1,PRIMARIA,48.75,0
-85.57165717,10.86537267,1,PRIMARIA,48.75,0
-85.57224117,10.8673385,1,PRIMARIA,48.75,0
-85.57268975,10.86966161,1,PRIMARIA,48.75,0
-85.57336297,10.87234249,1,PRIMARIA,48.75,0
-85.57412866,10.87363889,1,PRIMARIA,48.75,0
-85.57494032,10.874176,1,PRIMARIA,48.75,0
-85.57647319,10.87498204,1,PRIMARIA,48.75,0
-85.5787282,10.87565518,1,PRIMARIA,48.75,0
-85.58193003,10.87668703,1,PRIMARIA,48.75,0
-85.58499701,10.87758445,1,PRIMARIA,48.75,0
-85.58755071,10.87830439,1,PRIMARIA,48.75,0
-85.58810911,10.8783926,1,PRIMARIA,48.75,0
-85.59104092,10.87920062,1,PRIMARIA,48.75,0
-85.59582177,10.88054724,1,PRIMARIA,48.75,0
-85.59807687,10.88122025,1,PRIMARIA,48.75,0
-85.59997031,10.88224981,1,PRIMARIA,48.75,0
-85.60069121,10.88305491,1,PRIMARIA,48.75,0
-85.60172731,10.88461949,1,PRIMARIA,48.75,0
-85.6023572,10.88613873,1,PRIMARIA,48.75,0
-85.60244517,10.88814883,1,PRIMARIA,48.75,0
-85.60257804,10.89051606,1,PRIMARIA,48.75,0
-85.6025765,10.89212389,1,PRIMARIA,48.75,0
-85.60261802,10.89525059,1,PRIMARIA,48.75,0
-85.60270514,10.89828778,1,PRIMARIA,48.75,0
-85.60274728,10.90069961,1,PRIMARIA,48.75,0
-85.6028345,10.90351336,1,PRIMARIA,48.75,0
-85.60287705,10.90614863,1,PRIMARIA,48.75,0
-85.60300942,10.90851585,1,PRIMARIA,48.75,0
-85.60309773,10.91048115,1,PRIMARIA,48.75,0
-85.60300413,10.9132948,1,PRIMARIA,48.75,0
-85.60286639,10.91543856,1,PRIMARIA,48.75,0
-85.60304564,10.91691263,1,PRIMARIA,48.75,0
-85.60349566,10.91802967,1,PRIMARIA,48.75,0
-85.60408063,10.91941522,1,PRIMARIA,48.75,0
-85.60471084,10.92062195,1,PRIMARIA,48.75,0
-85.6061071,10.92290154,1,PRIMARIA,48.75,0
-85.6070565,10.92496514,1,PRIMARIA,48.75,0
-85.60795715,10.92658986,1,PRIMARIA,48.75,0
-85.60836552,10.92788922,1,PRIMARIA,48.75,0
-85.60861026,10.92906644,1,PRIMARIA,48.75,0
-85.60897716,10.93146158,1,PRIMARIA,48.75,0
-85.60926228,10.933126,1,PRIMARIA,48.75,0
-85.60979305,10.93495324,1,PRIMARIA,48.75,0
-85.61044706,10.93690224,1,PRIMARIA,48.75,0
-85.61106086,10.93852648,1,PRIMARIA,48.75,0
-85.61171454,10.94051595,1,PRIMARIA,48.75,0
-85.61195931,10.94157173,1,PRIMARIA,48.75,0
-85.61204077,10.94222122,1,PRIMARIA,48.75,0
-85.61207991,10.94412868,1,PRIMARIA,48.75,0
-85.61199545,10.94656394,1,PRIMARIA,48.75,0
-85.61219826,10.94822814,1,PRIMARIA,48.75,0
-85.61223898,10.9487963,1,PRIMARIA,48.75,0
-85.61260632,10.95017676,1,PRIMARIA,48.75,0
-85.61313833,10.95155737,1,PRIMARIA,48.75,0
-85.6140795,10.95318218,1,PRIMARIA,48.75,0
-85.61485753,10.95444145,1,PRIMARIA,48.75,0
-85.6160858,10.95610692,1,PRIMARIA,48.75,0
-85.6174779,10.95817868,1,PRIMARIA,48.75,0
-85.61833745,10.95972204,1,PRIMARIA,48.75,0
-85.61919544,10.96321349,1,PRIMARIA,48.75,0
-85.61997146,10.96605572,1,PRIMARIA,48.75,0
-85.62107448,10.97015632,1,PRIMARIA,48.75,0
-85.62201404,10.97368844,1,PRIMARIA,48.75,0
-85.62283137,10.97636831,1,PRIMARIA,48.75,0
-85.62356772,10.97839842,1,PRIMARIA,48.75,0
-85.62368895,10.97985974,1,PRIMARIA,48.75,0
-85.62356518,10.9808336,1,PRIMARIA,48.75,0
-85.62307092,10.9826188,1,PRIMARIA,48.75,0
-85.62306922,10.98440471,1,PRIMARIA,48.75,0
-85.62347875,10.98521693,1,PRIMARIA,48.75,0
-85.62421581,10.9860702,1,PRIMARIA,48.75,0
-85.62540418,10.98708625,1,PRIMARIA,48.75,0
-85.62692042,10.98846797,1,PRIMARIA,48.75,0
-85.62794412,10.98984926,1,PRIMARIA,48.75,0
-85.62818831,10.99196015,1,PRIMARIA,48.75,0
-85.62831007,10.99329948,1,PRIMARIA,48.75,0
-85.62884222,10.99431494,1,PRIMARIA,48.75,0
-85.6297841,10.9954526,1,PRIMARIA,48.75,0
-85.63052137,10.99646803,1,PRIMARIA,48.75,0
-85.6316231,10.99837979,1,PRIMARIA,48.75,0
-85.63203967,10.99905354,1,PRIMARIA,48.75,0
-85.63282997,11.00078791,1,PRIMARIA,48.75,0
-85.63331164,11.00204616,1,PRIMARIA,48.75,0
-85.63360076,11.00292714,1,PRIMARIA,48.75,0
-85.6337386,11.00411825,1,PRIMARIA,48.75,0
-85.6336717,11.00612677,1,PRIMARIA,48.75,0
-85.63357024,11.00796516,1,PRIMARIA,48.75,0
-85.63350341,11.01010995,1,PRIMARIA,48.75,0
-85.63346962,11.01133522,1,PRIMARIA,48.75,0
-85.63374484,11.01215176,1,PRIMARIA,48.75,0
-85.63415721,11.01266145,1,PRIMARIA,48.75,0
-85.63487814,11.01313615,1,PRIMARIA,48.75,0
-85.63621673,11.01367795,1,PRIMARIA,48.75,0
-85.63693809,11.01425492,1,PRIMARIA,48.75,0
-85.63755623,11.01503632,1,PRIMARIA,48.75,0
-85.63793431,11.01592043,1,PRIMARIA,48.75,0
-85.63796962,11.01687368,1,PRIMARIA,48.75,0
-85.63773055,11.01854207,1,PRIMARIA,48.75,0
-85.63766294,11.01952947,1,PRIMARIA,48.75,0
-85.63759545,11.02102716,1,PRIMARIA,48.75,0
-85.63763005,11.02181013,1,PRIMARIA,48.75,0
-85.63732264,11.02320652,1,PRIMARIA,48.75,0
-85.63698046,11.0242625,1,PRIMARIA,48.75,0
-85.63663772,11.02494393,1,PRIMARIA,48.75,0
-85.63632942,11.02552321,1,PRIMARIA,48.75,0
-85.63447797,11.02801232,1,PRIMARIA,48.75,0
-85.63190695,11.03121783,1,PRIMARIA,48.75,0
-85.62988401,11.03367334,1,PRIMARIA,48.75,0
-85.6286496,11.03524187,1,PRIMARIA,48.75,0
-85.62765581,11.03708224,1,PRIMARIA,48.75,0
-85.62707396,11.03871747,1,PRIMARIA,48.75,0
-85.62656046,11.04038642,1,PRIMARIA,48.75,0
-85.62649315,11.04242892,1,PRIMARIA,48.75,0
-85.62652861,11.04379045,1,PRIMARIA,48.75,0
-85.62635806,11.04518654,1,PRIMARIA,48.75,0
-85.62625623,11.04658235,1,PRIMARIA,48.75,0
-85.62618827,11.04773975,1,PRIMARIA,48.75,0
-85.62618937,11.04910141,1,PRIMARIA,48.75,0
-85.62629325,11.05063293,1,PRIMARIA,48.75,0
-85.62636295,11.05172203,1,PRIMARIA,48.75,0
-85.62660475,11.05349154,1,PRIMARIA,48.75,0
-85.62667447,11.0551932,1,PRIMARIA,48.75,0
-85.62688171,11.05679258,1,PRIMARIA,48.75,0
-85.62691652,11.05750754,1,PRIMARIA,48.75,0
-85.62698588,11.05839237,1,PRIMARIA,48.75,0
-85.62763953,11.06077357,1,PRIMARIA,48.75,0
-85.62812118,11.06213409,1,PRIMARIA,48.75,0
-85.62860278,11.06335833,1,PRIMARIA,48.75,0
-85.62905026,11.06512754,1,PRIMARIA,48.75,0
-85.62901661,11.06614879,1,PRIMARIA,48.75,0
-85.62877709,11.06700033,1,PRIMARIA,48.75,0
-85.62867488,11.06781731,1,PRIMARIA,48.75,0
-85.62877865,11.06907654,1,PRIMARIA,48.75,0
-85.62912322,11.07064162,1,PRIMARIA,48.75,0
-85.62929503,11.07149229,1,PRIMARIA,48.75,0
-85.62946737,11.07210442,1,PRIMARIA,48.75,0
-85.6296733,11.07241041,1,PRIMARIA,48.75,0
-85.62981113,11.07298867,1,PRIMARIA,48.75,0
-85.63001787,11.07397548,1,PRIMARIA,48.75,0
-85.63015609,11.0751323,1,PRIMARIA,48.75,0
-85.63026014,11.07669808,1,PRIMARIA,48.75,0
-85.63043271,11.07809331,1,PRIMARIA,48.75,0
-85.63026185,11.07880829,1,PRIMARIA,48.75,0
-85.63005614,11.07928541,1,PRIMARIA,48.75,0
-85.62954182,11.07979724,1,PRIMARIA,48.75,0
-85.62909593,11.08024079,1,PRIMARIA,48.75,0
-85.62840987,11.08065078,1,PRIMARIA,48.75,0
-85.62727746,11.08102776,1,PRIMARIA,48.75,0
-85.62569863,11.08123546,1,PRIMARIA,48.75,0
-85.62398287,11.08120516,1,PRIMARIA,48.75,0
-85.62254135,11.08137856,1,PRIMARIA,48.75,0
-85.62185522,11.08165252,1,PRIMARIA,48.75,0
-85.62140904,11.0820278,1,PRIMARIA,48.75,0
-85.62106623,11.08247119,1,PRIMARIA,48.75,0
-85.62051767,11.0836297,1,PRIMARIA,48.75,0
-85.61996975,11.08482221,1,PRIMARIA,48.75,0
-85.61955846,11.08557216,1,PRIMARIA,48.75,0
-85.61852945,11.08676579,1,PRIMARIA,48.75,0
-85.61808362,11.08710705,1,PRIMARIA,48.75,0
-85.61750045,11.08772114,1,PRIMARIA,48.75,0
-85.61739795,11.08823184,1,PRIMARIA,48.75,0
-85.61743253,11.08877625,1,PRIMARIA,48.75,0
-85.61746766,11.08969548,1,PRIMARIA,48.75,0
-85.61733107,11.09088714,1,PRIMARIA,48.75,0
-85.61698894,11.09211308,1,PRIMARIA,48.75,0
-85.61681821,11.09323688,1,PRIMARIA,48.75,0
-85.61664714,11.09415639,1,PRIMARIA,48.75,0
-85.61606449,11.09514476,1,PRIMARIA,48.75,0
-85.61510374,11.0962361,1,PRIMARIA,48.75,0
-85.6147611,11.09684949,1,PRIMARIA,48.75,0
-85.61424638,11.09715702,1,PRIMARIA,48.75,0
-85.61246238,11.09825004,1,PRIMARIA,48.75,0
-85.61170811,11.09917081,1,PRIMARIA,48.75,0
-85.61153683,11.09992005,1,PRIMARIA,48.75,0
-85.61164047,11.10066873,1,PRIMARIA,48.75,0
-85.61188093,11.10138286,1,PRIMARIA,48.75,0
-85.612363,11.10284566,1,PRIMARIA,48.75,0
-85.61219205,11.10379918,1,PRIMARIA,48.75,0
-85.6115062,11.10526422,1,PRIMARIA,48.75,0
-85.61082088,11.10649099,1,PRIMARIA,48.75,0
-85.61047831,11.10798947,1,PRIMARIA,48.75,0
-85.61041025,11.10839829,1,PRIMARIA,48.75,0
-85.61006752,11.10948822,1,PRIMARIA,48.75,0
-85.61003374,11.11037318,1,PRIMARIA,48.75,0
-85.61010346,11.11159854,1,PRIMARIA,48.75,0
-85.61003549,11.11227937,1,PRIMARIA,48.75,0
-85.60989805,11.11265419,1,PRIMARIA,48.75,0
-85.60955532,11.1131313,1,PRIMARIA,48.75,0
-85.60917806,11.11381309,1,PRIMARIA,48.75,0
-85.60911004,11.11435791,1,PRIMARIA,48.75,0
-85.60931642,11.11514018,1,PRIMARIA,48.75,0
-85.60976317,11.11575203,1,PRIMARIA,48.75,0
-85.61017574,11.11653401,1,PRIMARIA,48.75,0
-85.61072575,11.11755399,1,PRIMARIA,48.75,0
-85.61096664,11.11837039,1,PRIMARIA,48.75,0
-85.61117332,11.1195952,1,PRIMARIA,48.75,0
-85.61131193,11.12122883,1,PRIMARIA,48.75,0
-85.61141609,11.1229646,1,PRIMARIA,48.75,0
-85.61141641,11.12378142,1,PRIMARIA,48.75,0
-85.61134901,11.12558561,1,PRIMARIA,48.75,0
-85.61141903,11.12725351,1,PRIMARIA,48.75,0
-85.61152259,11.12810419,1,PRIMARIA,48.75,0
-85.61190084,11.12926058,1,PRIMARIA,48.75,0
-85.6124856,11.13085923,1,PRIMARIA,48.75,0
-85.61286382,11.1312668,1,PRIMARIA,48.75,0
-85.61430637,11.13276135,1,PRIMARIA,48.75,0
-85.61502793,11.13357663,1,PRIMARIA,48.75,0
-85.61568042,11.13418791,1,PRIMARIA,48.75,0
-85.61588714,11.13480016,1,PRIMARIA,48.75,0
-85.6160932,11.13537842,1,PRIMARIA,48.75,0
-85.6164375,11.13626267,1,PRIMARIA,48.75,0
-85.61671242,11.13711292,1,PRIMARIA,48.75,0
-85.61722812,11.13813302,1,PRIMARIA,48.75,0
-85.61819037,11.13945841,1,PRIMARIA,48.75,0
-85.6194275,11.14088522,1,PRIMARIA,48.75,0
-85.6201145,11.14176862,1,PRIMARIA,48.75,0
-85.62042431,11.142619,1,PRIMARIA,48.75,0
-85.62052768,11.14353767,1,PRIMARIA,48.75,0
-85.62042576,11.14455918,1,PRIMARIA,48.75,0
-85.62039215,11.14547813,1,PRIMARIA,48.75,0
-85.62053003,11.14643093,1,PRIMARIA,48.75,0
-85.62090873,11.14792785,1,PRIMARIA,48.75,0
-85.62084079,11.14922148,1,PRIMARIA,48.75,0
-85.62066981,11.14980045,1,PRIMARIA,48.75,0
-85.62036133,11.15061797,1,PRIMARIA,48.75,0
-85.62012147,11.15116321,1,PRIMARIA,48.75,0
-85.62008851,11.15272897,1,PRIMARIA,48.75,0
-85.61998636,11.15381847,1,PRIMARIA,48.75,0
-85.61957476,11.1546364,1,PRIMARIA,48.75,0
-85.61919769,11.15524993,1,PRIMARIA,48.75,0
-85.61789351,11.15620583,1,PRIMARIA,48.75,0
-85.61682991,11.1571613,1,PRIMARIA,48.75,0
-85.61648712,11.15787669,1,PRIMARIA,48.75,0
-85.61604172,11.15859248,1,PRIMARIA,48.75,0
-85.61514977,11.15937752,1,PRIMARIA,48.75,0
-85.61449774,11.16036588,1,PRIMARIA,48.75,0
-85.61429268,11.16138751,1,PRIMARIA,48.75,0
-85.61388186,11.16264798,1,PRIMARIA,48.75,0
-85.61367613,11.16326107,1,PRIMARIA,48.75,0
-85.61391691,11.16404346,1,PRIMARIA,48.75,0
-85.61454691,11.16506958,1,PRIMARIA,48.75,0
-85.61502185,11.16587801,1,PRIMARIA,48.75,0
-85.61650058,11.16740235,1,PRIMARIA,48.75,0
-85.6171883,11.16807985,1,PRIMARIA,48.75,0
-85.61760216,11.16902939,1,PRIMARIA,48.75,0
-85.61732941,11.17018433,1,PRIMARIA,48.75,0
-85.61674781,11.17133997,1,PRIMARIA,48.75,0
-85.61568783,11.17392256,1,PRIMARIA,48.75,0
-85.61517535,11.17541739,1,PRIMARIA,48.75,0
-85.6150745,11.17670763,1,PRIMARIA,48.75,0
-85.61502848,11.17903493,1,PRIMARIA,48.75,0
-85.61520334,11.1808678,1,PRIMARIA,48.75,0
-85.6155142,11.1820892,1,PRIMARIA,48.75,0
-85.61586018,11.18361619,1,PRIMARIA,48.75,0
-85.61630863,11.18473558,1,PRIMARIA,48.75,0
-85.61699586,11.18503936,1,PRIMARIA,48.75,0
-85.61819805,11.18530842,1,PRIMARIA,48.75,0
-85.61867923,11.18578248,1,PRIMARIA,48.75,0
-85.6198493,11.18720577,1,PRIMARIA,48.75,0
-85.6217413,11.18937414,1,PRIMARIA,48.75,0
-85.62298074,11.19130632,1,PRIMARIA,48.75,0
-85.62298209,11.19212097,1,PRIMARIA,48.75,0
-85.62274304,11.19286858,1,PRIMARIA,48.75,0
-85.6221956,11.19385436,1,PRIMARIA,48.75,0
-85.62157931,11.19494214,1,PRIMARIA,48.75,0
-85.62113462,11.1959615,1,PRIMARIA,48.75,0
-85.61990246,11.19823879,1,PRIMARIA,48.75,0
-85.61877293,11.20027847,1,PRIMARIA,48.75,0
-85.61791708,11.20187585,1,PRIMARIA,48.75,0
-85.61716424,11.20320163,1,PRIMARIA,48.75,0
-85.61644502,11.20422181,1,PRIMARIA,48.75,0
-85.61503938,11.20551486,1,PRIMARIA,48.75,0
-85.6135996,11.20711376,1,PRIMARIA,48.75,0
-85.61209076,11.20827148,1,PRIMARIA,48.75,0
-85.61130289,11.20932566,1,PRIMARIA,48.75,0
-85.61085782,11.21014154,1,PRIMARIA,48.75,0
-85.61085904,11.21068445,1,PRIMARIA,48.75,0
-85.61106678,11.21190626,1,PRIMARIA,48.75,0
-85.61126246,11.2127776,1,PRIMARIA,48.75,0
-85.61153871,11.2136934,1,PRIMARIA,48.75,0
-85.61174607,11.21457576,1,PRIMARIA,48.75,0
-85.61202247,11.21552556,1,PRIMARIA,48.75,0